,job_title,company_name,company_location,work_method,role,bachelor,masters,phd,no_diploma,python,sql,nosql,java,julia,matlab,tensorflow,tableau,powerbi,qlikview,excel,cloud,work_type
0,Data Architect (AWS),Tata Consultancy Services,"S√£o Paulo, Brasil",Remoto,Cientista de Dados,0,0,0,1,0,0,0,0,0,0,0,0,0,0,0,0,Tempo integral
1,Staff Data Engineer - Machine Learning Platform,Spotify,Brasil,Remoto,Engenheiro de Dados,0,0,0,1,1,1,0,0,0,0,1,0,0,0,0,0,Tempo integral
5,Data Scientist - Remote - Latin America,FullStack Labs,Brasil,Presencial,Cientista de Dados,1,0,0,0,0,1,0,1,0,0,0,0,0,0,0,1,Tempo integral
6,Analista Omnichannel Insights Pleno,Pfizer,"S√£o Paulo, S√£o Paulo, Brasil",Presencial,Analista de Dados,1,0,0,0,1,0,0,0,0,0,0,1,0,0,0,0,Tempo integral
7,Especialista de Dados,Prudential Financial,"Rio de Janeiro, Rio de Janeiro, Brasil",H√≠brido,Cientista de Dados,0,0,1,0,1,1,0,0,0,0,0,0,1,0,0,0,Tempo integral
9,Banco de Talentos | Dados & Analytics,Accenture Brasil,Belo Horizonte e Regi√£o,Remoto,Analista de Dados,0,0,0,1,0,0,0,0,0,0,0,0,0,0,0,0,Tempo integral
10,Pessoa Executiva Digital I ‚Äì Neg√≥cios em Publicidade | Mais pessoas com defici√™ncia na Globo! ü¶æ,Globo,"S√£o Paulo, S√£o Paulo, Brasil",Presencial,Cientista de Dados,0,0,0,1,0,0,0,0,0,0,0,0,0,0,0,0,Tempo integral
12,BI Analyst,"Chima Steakhouse, BBS USA","Uberl√¢ndia, Minas Gerais, Brasil",Presencial,Analista de Dados,1,0,0,0,0,0,0,0,0,0,0,0,0,0,1,0,Tempo integral
14,Analista de Talento & Cultura Jr - (19026),Rosewood S√£o Paulo,S√£o Paulo e Regi√£o,H√≠brido,Analista de Dados,1,0,0,0,0,0,0,0,0,0,0,0,0,0,0,0,Tempo integral
16,Data Analyst Internship - Brazil,Viasat Inc.,"S√£o Paulo, S√£o Paulo, Brasil",Presencial,Analista de Dados,1,0,0,0,1,0,0,0,0,0,0,0,0,0,0,0,Tempo integral
17,Est√°gio - Data Analytics,Grupo GCB,"S√£o Paulo, S√£o Paulo, Brasil",Presencial,Analista de Dados,0,0,0,1,1,0,0,0,0,0,0,0,0,0,0,0,Tempo integral
18,Observability Analyst,Enkel TI,"Barueri, S√£o Paulo, Brasil",Presencial,Analista de Dados,0,0,0,1,0,0,0,0,0,0,0,0,0,0,0,0,Tempo integral
19,DATA ARCHITECTURE JR. MANAGER - STRATEGY & DIGITAL - IM (SP),Novartis Brasil,"S√£o Paulo, S√£o Paulo, Brasil",Presencial,Cientista de Dados,0,0,0,1,0,0,0,0,0,0,0,0,0,0,0,0,Tempo integral
20,Data Analyst SSBI - Suporte PBI & PBI Server,Deloitte,"S√£o Paulo, S√£o Paulo, Brasil",Presencial,Analista de Dados,0,0,1,0,0,0,0,0,0,0,0,0,0,0,0,0,Tempo integral
21,Data Engineer,IBM,"S√£o Paulo, S√£o Paulo, Brasil",Presencial,Engenheiro de Dados,1,0,0,0,1,0,0,0,0,0,0,0,0,0,0,1,Tempo integral
22,Analista de Dados Jr. (Python),NielsenIQ,"Cotia, S√£o Paulo, Brasil",Presencial,Analista de Dados,1,0,0,0,1,0,0,0,0,0,0,0,1,0,0,0,Tempo integral
23,Estagi√°rio de Business Intelligence,green4T,"S√£o Paulo, S√£o Paulo, Brasil",Presencial,Analista BI,1,0,0,0,0,0,0,0,0,0,0,0,1,0,0,0,Tempo integral
24,Analyst / Data/AI (),Decision,S√£o Paulo e Regi√£o,Remoto,Analista de Dados,1,0,0,0,0,1,0,0,0,0,0,0,0,0,0,0,Tempo integral
25,Est√°gio - Data Science SP,Visagio,"S√£o Paulo, S√£o Paulo, Brasil",Presencial,Cientista de Dados,0,0,0,1,1,1,0,0,0,0,0,0,0,0,0,0,Tempo integral
26,Pessoa Estagi√°ria em Data Science e Analytics,Horus,"Rio de Janeiro, Rio de Janeiro, Brasil",Remoto,Analista de Dados,1,0,0,0,0,1,0,0,0,0,0,0,1,0,1,0,Tempo integral
27,Estagi√°rio de Business Intelligence,V√≠ssimo Group,"S√£o Paulo, S√£o Paulo, Brasil",Presencial,Analista BI,1,0,0,0,1,1,0,0,0,0,0,0,0,0,0,0,Tempo integral
28,Estagi√°rio de Business Intelligence,FortBrasil,"Fortaleza, Cear√°, Brasil",H√≠brido,Analista BI,1,0,0,0,1,1,0,0,0,0,0,0,1,0,0,0,Contrato
29,ANALISTA DE DADOS - Junior,Grupo Selecionar,S√£o Paulo e Regi√£o,H√≠brido,Analista de Dados,1,0,0,0,0,1,0,0,0,0,0,1,1,0,0,0,Tempo integral
30,Est√°gio em Business Intelligence,Vetta,Brasil,H√≠brido,Analista BI,1,0,0,0,0,1,0,0,0,0,0,0,1,0,0,0,Tempo integral
31,Analista de Dados Pl.,PagBank PagSeguro,S√£o Paulo e Regi√£o,Remoto,Analista de Dados,1,0,0,0,1,1,0,0,0,0,0,0,1,0,1,0,Tempo integral
32,[Vaga afirmativa para pessoas pretas] Business Intelligence Analyst,SumUp,"S√£o Paulo, S√£o Paulo, Brasil",Presencial,Analista BI,0,0,0,1,1,1,0,0,0,0,0,1,1,0,0,0,Tempo integral
33,Data Researcher Jr.,"APWireless Infrastructure Partners, LLC","S√£o Paulo, Brasil",Presencial,Cientista de Dados,0,0,0,1,0,0,0,0,0,0,0,0,0,0,1,1,Tempo integral
34,Data Engineer and Data Science Intern,HP,"Porto Alegre, Rio Grande do Sul, Brasil",H√≠brido,Engenheiro de Dados,0,0,0,1,0,1,1,0,0,0,0,0,0,0,0,0,Meio per√≠odo
35,Data Engineer Python J√∫nior a Pleno,GeekHunter,"S√£o Paulo, S√£o Paulo, Brasil",Remoto,Engenheiro de Dados,0,0,0,1,1,1,1,0,0,0,0,1,1,0,0,1,Tempo integral
36,Analista de Dados (Remoto),GeekHunter,"S√£o Paulo, S√£o Paulo, Brasil",Presencial,Analista de Dados,0,0,0,1,1,1,0,0,0,0,0,0,1,0,0,1,Tempo integral
37,Est√°gio Data Science,Vinci Partners,"S√£o Paulo, S√£o Paulo, Brasil",Presencial,Cientista de Dados,1,0,0,0,1,0,0,0,0,0,0,0,0,0,0,0,Tempo integral
38,Analista de Dados,BIZM - Business Makers,"S√£o Paulo, S√£o Paulo, Brasil",Presencial,Analista de Dados,1,0,0,0,0,1,0,0,0,0,0,0,1,0,1,0,Tempo integral
39,ANALISTA DE DADOS JUNIOR,C2C - Close to Consumer,S√£o Paulo e Regi√£o,Presencial,Analista de Dados,0,0,0,1,0,0,0,0,0,0,0,0,0,0,0,0,Tempo integral
40,Analista de Dados Python Pleno,GeekHunter,"S√£o Paulo, S√£o Paulo, Brasil",Presencial,Analista de Dados,0,0,0,1,1,0,0,0,0,0,0,0,0,0,0,0,Tempo integral
41,Data Analysis Intern (Remote Internship - Analyst),Brainnest,"S√£o Paulo, S√£o Paulo, Brasil",Presencial,Analista de Dados,0,0,1,0,0,0,0,0,0,0,0,0,0,0,0,0,Tempo integral
42,SummerJob: Data Science SP,Visagio,"S√£o Paulo, S√£o Paulo, Brasil",Presencial,Cientista de Dados,0,0,0,1,1,1,0,0,0,0,0,0,0,0,0,0,Tempo integral
43,EST√ÅGIO EM BUSINESS INTELLIGENCE [SP],Soul Trade Marketing,"S√£o Paulo, S√£o Paulo, Brasil",Presencial,Analista BI,0,0,0,1,0,0,0,0,0,0,0,0,1,0,1,0,Tempo integral
45,ANALISTA DE DADOS JR,PicPay,"S√£o Paulo, S√£o Paulo, Brasil",H√≠brido,Analista de Dados,1,0,0,0,1,1,0,0,0,0,0,0,0,0,0,0,Tempo integral
46,Analista de Dados (ETL) Pleno,Evollo,"S√£o Paulo, S√£o Paulo, Brasil",Presencial,Analista de Dados,1,0,0,0,0,1,0,0,0,0,0,0,1,0,0,0,Tempo integral
47,EST√ÅGIO EM AN√ÅLISE DE DADOS - BI,Movida Aluguel de Carros,"S√£o Paulo, S√£o Paulo, Brasil",Remoto,Cientista de Dados,0,0,0,1,0,0,0,0,0,0,0,0,0,0,1,0,Tempo integral
48,Est√°gio - Data Science RJ,Visagio,"Rio de Janeiro, Rio de Janeiro, Brasil",Presencial,Cientista de Dados,0,0,0,1,1,1,0,0,0,0,0,0,0,0,0,0,Tempo integral
49,ANALISTA DE DADOS - Pleno,Grupo Selecionar,S√£o Paulo e Regi√£o,Presencial,Analista de Dados,1,0,0,0,0,1,0,0,0,0,0,1,1,0,0,0,Tempo integral
50,Analista de Dados,Meta BPO,S√£o Paulo e Regi√£o,Presencial,Analista de Dados,0,0,0,1,0,0,0,0,0,0,0,0,0,0,0,0,Tempo integral
51,Est√°gio em Ci√™ncia de Dados,GRH Group,"Sorocaba, S√£o Paulo, Brasil",Presencial,Cientista de Dados,1,0,0,0,1,1,0,0,0,0,0,0,0,0,1,0,Tempo integral
52,Data Analytics Associate,Alvarez & Marsal,"S√£o Paulo, S√£o Paulo, Brasil",Presencial,Analista de Dados,0,0,0,1,0,1,0,1,0,0,0,1,1,0,0,1,Tempo integral
53,Data Analytics,Cognizant,"S√£o Paulo, S√£o Paulo, Brasil",Presencial,Analista de Dados,0,0,0,1,0,0,0,0,0,0,0,1,1,0,0,0,Meio per√≠odo
54,Est√°gio - Data Science NE,Visagio,"Recife, Pernambuco, Brasil",Presencial,Cientista de Dados,0,0,0,1,1,1,0,0,0,0,0,0,0,0,0,0,Meio per√≠odo
55,Est√°gio em Ci√™ncia de Dados e Machine Learning - Afirmativa para Mulheres,Vetta,"Belo Horizonte, Minas Gerais, Brasil",Presencial,Cientista de Dados,1,0,0,0,1,0,0,0,0,0,0,0,0,0,0,0,Tempo integral
57,Est√°gio em Analista de Dados,Refer√™ncia Seguros,"Bras√≠lia, Distrito Federal, Brasil",Presencial,Analista de Dados,0,0,0,1,0,0,0,0,0,0,0,0,0,0,0,0,Tempo integral
59,Talent Pool - Data Engineering,Cargill,"S√£o Paulo, S√£o Paulo, Brasil",H√≠brido,Engenheiro de Dados,1,0,0,0,1,1,0,1,0,0,0,0,0,0,0,1,Tempo integral
60,Analista de Risco e Modelagem Jr.,PagBank PagSeguro,S√£o Paulo e Regi√£o,H√≠brido,Analista de Dados,0,0,0,1,1,1,0,0,0,0,0,0,1,0,1,0,Meio per√≠odo
61,Analista de Dados (Vaga Afirmativa para Mulheres),Shopee,"S√£o Paulo, S√£o Paulo, Brasil",H√≠brido,Analista de Dados,0,0,0,1,1,1,0,0,0,0,0,0,0,0,0,0,Tempo integral
62,Data Analyst SSBI,Deloitte,"S√£o Paulo, S√£o Paulo, Brasil",Remoto,Analista de Dados,1,0,0,0,1,1,0,0,0,0,0,1,0,0,0,1,Tempo integral
64,Est√°gio Dados,Solenis,"S√£o Paulo, Brasil",H√≠brido,Cientista de Dados,0,0,0,1,1,1,0,0,0,0,0,1,1,0,0,0,Tempo integral
65,ANALISTA DE CIENCIA DE DADOS PL,Inmetrics,"Barueri, S√£o Paulo, Brasil",Presencial,Analista de Dados,0,0,0,1,1,1,0,0,0,0,0,1,1,0,0,0,Tempo integral
66,"Analytics Specialist (Bangkok Based, relocation provided)",Agoda,"S√£o Paulo, S√£o Paulo, Brasil",Presencial,Analista de Dados,1,0,0,0,1,1,0,1,0,0,0,1,1,0,0,0,Tempo integral
67,Analista de Dados J√∫nior,Neogrid,S√£o Paulo e Regi√£o,H√≠brido,Analista de Dados,0,0,0,1,0,1,0,0,0,0,0,0,1,0,1,0,Tempo integral
68,Data Engineer - Big Data (Remoto),IBM,"S√£o Paulo, S√£o Paulo, Brasil",Remoto,Engenheiro de Dados,0,0,0,1,0,1,0,0,0,0,0,0,0,0,0,1,Tempo integral
69,Engenheiro de dados,APLLOS,"S√£o Paulo, S√£o Paulo, Brasil",Presencial,Engenheiro de Dados,0,0,0,1,1,1,1,0,0,0,0,0,0,0,0,1,Tempo integral
70,Engenheiro de Dados S√™nior,Marketdata,"S√£o Paulo, S√£o Paulo, Brasil",Presencial,Engenheiro de Dados,0,0,0,1,0,1,0,0,0,0,0,0,0,0,0,1,Tempo integral
71,Estagi√°rio(a) Ci√™ncia de Dados,Omnilogic,"Belo Horizonte, Minas Gerais, Brasil",Presencial,Cientista de Dados,1,0,0,0,1,1,0,0,0,0,0,0,0,0,0,0,Tempo integral
72,Cientista de Dados (Home Office/Brasil),Programmers - Beyond IT Brasil,"S√£o Paulo, S√£o Paulo, Brasil",Presencial,Cientista de Dados,0,0,0,1,0,0,0,0,0,0,0,0,0,0,0,1,Tempo integral
73,Analista de modelagem de dados j√∫nior,Ita√∫ Unibanco,"S√£o Paulo, S√£o Paulo, Brasil",Presencial,Analista de Dados,0,0,0,1,1,1,1,0,0,0,0,0,0,0,0,1,Tempo integral
74,Analista de Business Intelligence J√∫nior,Itapeva Recupera√ß√£o de Cr√©ditos,"S√£o Paulo, S√£o Paulo, Brasil",Presencial,Analista BI,1,0,0,0,1,1,0,0,0,0,0,1,1,0,0,0,Tempo integral
75,Analista de Dados JR,Alea S.A.,"Curitiba, Paran√°, Brasil",Presencial,Analista de Dados,1,0,0,0,0,0,0,0,0,0,0,0,1,0,0,0,Tempo integral
76,Estagi√°rio (a) - HUB DE DADOS,Som Livre,"Rio de Janeiro, Rio de Janeiro, Brasil",H√≠brido,Cientista de Dados,0,0,0,1,1,1,0,0,0,0,0,1,1,0,1,0,Tempo integral
77,Est√°gio em Ci√™ncia de Dados e Machine Learning - Afirmativa para Mulheres,Vetta,Belo Horizonte e Regi√£o,H√≠brido,Cientista de Dados,1,0,0,0,1,0,0,0,0,0,0,0,0,0,0,0,Tempo integral
78,Data Visualization,Tata Consultancy Services,Brasil,Presencial,Cientista de Dados,0,0,0,1,1,0,0,1,0,0,0,0,0,0,0,0,Tempo integral
79,Data Product Owner Junior,C6 Bank,"S√£o Paulo, S√£o Paulo, Brasil",Remoto,Cientista de Dados,0,0,0,1,0,1,0,0,0,0,0,0,0,0,0,0,Tempo integral
80,Analista de Dados (Vaga Afirmativa para Pessoas Negras),Shopee,"S√£o Paulo, S√£o Paulo, Brasil",Remoto,Analista de Dados,0,0,0,1,1,1,0,0,0,0,0,0,0,0,0,0,Tempo integral
81,Analista BI (d / m / f),TK Elevator,"Gua√≠ba, Rio Grande do Sul, Brasil",Presencial,Analista de Dados,1,0,0,0,0,1,0,0,0,0,0,0,1,0,0,1,Tempo integral
82,Est√°gio em Ci√™ncia de Dados,Grhats Recursos Humanos,"Sorocaba, S√£o Paulo, Brasil",Presencial,Cientista de Dados,1,0,0,0,1,1,0,0,0,0,0,0,0,0,1,0,Meio per√≠odo
83,[Minsait] Analista de Dados Jr,Minsait,"Osasco, S√£o Paulo, Brasil",Remoto,Analista de Dados,0,0,1,0,0,1,0,0,0,0,0,0,0,0,0,0,Tempo integral
84,Analista de An√°lise de Dados Junior,C6 Bank,"S√£o Paulo, S√£o Paulo, Brasil",H√≠brido,Analista de Dados,0,0,0,1,0,1,0,0,0,0,0,0,0,0,0,1,Tempo integral
85,Engenheiro de Dados J√∫nior a Pleno,GeekHunter,"S√£o Paulo, S√£o Paulo, Brasil",Remoto,Engenheiro de Dados,0,0,0,1,1,1,1,1,0,0,0,0,0,0,0,1,Tempo integral
86,Analista de Dados,Work4all Brasil,"S√£o Paulo, S√£o Paulo, Brasil",Presencial,Analista de Dados,1,0,0,0,0,0,0,0,0,0,0,0,1,0,0,0,Tempo integral
87,Estagi√°rio em Business Intelligence,RPO Solutions,"Teresina, Piau√≠, Brasil",Presencial,Analista BI,1,0,0,0,0,0,0,0,0,0,0,0,0,0,0,0,Tempo integral
89,Est√°gio de Business Intelligence,Grupo Portfolio,"Fortaleza, Cear√°, Brasil",Presencial,Analista BI,0,0,1,0,1,1,0,0,0,0,0,0,0,0,0,0,Tempo integral
90,Analista de Dados,HC CONSULTING,"S√£o Jos√© dos Campos, S√£o Paulo, Brasil",Remoto,Analista de Dados,0,0,0,1,0,0,0,0,0,0,0,0,0,0,0,0,Tempo integral
91,"Analytics Specialist (Bangkok Based, relocation provided)",Agoda,S√£o Paulo e Regi√£o,H√≠brido,Analista de Dados,1,0,0,0,1,1,0,1,0,0,0,1,1,0,0,0,Tempo integral
92,Data Engineer - Big Data (Remoto),IBM,"S√£o Paulo, S√£o Paulo, Brasil",Presencial,Engenheiro de Dados,0,0,0,1,1,1,0,0,0,0,0,0,0,0,0,1,Tempo integral
93,Arquiteto de Dados (Vaga Afirmativa para Mulheres) - Remoto,Robert Walters,"S√£o Paulo, S√£o Paulo, Brasil",Presencial,Cientista de Dados,1,0,0,0,0,1,1,0,0,0,0,0,0,0,0,0,Tempo integral
94,Analista de Dados (Comercial),Escola Mais,"S√£o Paulo, S√£o Paulo, Brasil",Remoto,Analista de Dados,1,0,0,0,0,0,0,0,0,0,0,1,1,1,0,0,Tempo integral
95,Cientista de dados J√∫nior,Mindsight,"S√£o Paulo, S√£o Paulo, Brasil",Presencial,Cientista de Dados,0,0,0,1,1,0,0,0,0,0,0,0,0,0,0,0,Tempo integral
96,Data Analysis Intern (Remote Internship - Analyst),Brainnest,"Bras√≠lia, Distrito Federal, Brasil",Presencial,Analista de Dados,0,0,1,0,0,0,0,0,0,0,0,0,0,0,0,0,Tempo integral
97,Analista de Dados Em Benef√≠cios,Marsh Brasil,"S√£o Paulo, Brasil",Remoto,Analista de Dados,1,0,0,0,0,0,0,0,0,0,0,0,1,0,0,0,Meio per√≠odo
98,Arquiteto de dados,INTERA | Talent Hacking,"S√£o Paulo, Brasil",Remoto,Cientista de Dados,1,0,0,0,1,1,1,1,0,0,0,0,0,0,0,1,Tempo integral
99,Analista de Dados,Riosulense,"Rio do Sul, Santa Catarina, Brasil",H√≠brido,Analista de Dados,1,0,0,0,0,0,0,0,0,0,0,0,0,0,0,0,Meio per√≠odo
100,Analista de Dados,Luandre RH - Solu√ß√µes em Recursos Humanos,"S√£o Paulo, S√£o Paulo, Brasil",H√≠brido,Analista de Dados,0,0,0,1,0,0,0,0,0,0,0,0,0,0,0,0,Tempo integral
101,Analista de Dados JR,Cyrela,"S√£o Paulo, S√£o Paulo, Brasil",Presencial,Analista de Dados,1,0,0,0,1,1,0,0,0,0,0,0,1,0,0,0,Tempo integral
102,Cientista de Dados Junior,Porto,"S√£o Paulo, S√£o Paulo, Brasil",Presencial,Cientista de Dados,0,0,0,1,0,0,0,0,0,0,0,0,0,0,0,0,Tempo integral
103,Data Engineer - Online Job,Oowlish,"Belo Horizonte, Minas Gerais, Brasil",Remoto,Engenheiro de Dados,0,0,1,0,0,1,0,0,0,0,0,0,0,0,0,0,Meio per√≠odo
104,Cientista de dados,Hospital Israelita Albert Einstein,S√£o Paulo e Regi√£o,Remoto,Cientista de Dados,1,0,0,0,1,1,0,0,0,1,1,0,0,0,0,0,Tempo integral
105,Environmental Data Analyst (entry level),ERM,"Porto Alegre, Rio Grande do Sul, Brasil",Remoto,Analista de Dados,0,0,0,1,1,1,0,0,0,0,0,0,1,0,1,1,Tempo integral
106,Analista De BI I,REKRUTA JA,S√£o Paulo e Regi√£o,Remoto,Analista de Dados,0,0,1,0,0,1,0,0,0,0,0,0,0,0,0,0,Tempo integral
107,Banco de Talentos- Time Tecnologia- Dados,Zoox Smart Data,"Rio de Janeiro, Rio de Janeiro, Brasil",H√≠brido,Cientista de Dados,0,0,0,1,0,0,0,0,0,0,0,0,0,0,0,0,Tempo integral
108,Est√°gio em Data Analytics (Anal√≠tico),i-Cherry,"Curitiba, Paran√°, Brasil",Presencial,Analista de Dados,1,0,0,0,0,0,0,0,0,0,0,0,0,0,0,0,Tempo integral
109,Est√°gio Business Intelligence,GCS Agro,"Lago Norte, Distrito Federal, Brasil",Presencial,Analista BI,1,0,0,0,0,1,0,0,0,0,0,0,1,0,1,0,Tempo integral
110,"Data Analytics, Last Mile COE",Ambev Tech,"Campinas, S√£o Paulo, Brasil",Presencial,Analista de Dados,0,0,0,1,1,0,0,0,0,0,0,0,0,0,0,0,Tempo integral
111,Analista de Dados ( Setor Marketing ) - Remoto,GeekHunter,"S√£o Paulo, S√£o Paulo, Brasil",Presencial,Analista de Dados,0,0,0,1,1,1,0,0,0,0,0,0,1,0,0,0,Tempo integral
112,Engenheiro de Dados,GeekHunter,"S√£o Paulo, S√£o Paulo, Brasil",Presencial,Engenheiro de Dados,1,0,0,0,1,1,0,0,0,0,0,0,0,0,0,1,Tempo integral
113,Data Analysis Intern (Remote Internship - Analyst),Brainnest,"Rio de Janeiro, Rio de Janeiro, Brasil",Remoto,Analista de Dados,0,0,1,0,0,0,0,0,0,0,0,0,0,0,0,0,Tempo integral
114,Analista de Dados,Grupo GCB,"S√£o Paulo, S√£o Paulo, Brasil",Presencial,Analista de Dados,0,0,0,1,1,1,0,0,0,1,0,0,0,0,0,0,Tempo integral
115,Est√°gio em Banco de Dados,IQVIA,"S√£o Paulo, S√£o Paulo, Brasil",H√≠brido,Cientista de Dados,1,0,0,0,0,1,0,0,0,0,0,0,0,0,0,0,Tempo integral
116,TECH - DATA | Data Analyst,BTG Pactual,"S√£o Paulo, S√£o Paulo, Brasil",H√≠brido,Analista de Dados,0,0,0,1,1,1,0,0,0,0,0,0,1,0,0,1,Tempo integral
117,Insurance Data Analyst,FIS,"S√£o Paulo, S√£o Paulo, Brasil",H√≠brido,Analista de Dados,1,0,0,0,0,0,0,0,0,0,0,0,0,0,0,0,Tempo integral
118,Data Scientist (Remoto),IBM,"S√£o Paulo, S√£o Paulo, Brasil",Remoto,Cientista de Dados,0,0,0,1,0,0,0,0,0,0,0,0,0,0,0,1,Tempo integral
119,Data Analysis Intern (Remote Internship - Analyst),Brainnest,"Curitiba, Paran√°, Brasil",Presencial,Analista de Dados,0,0,1,0,0,0,0,0,0,0,0,0,0,0,0,0,Tempo integral
120,Banco de Talentos Datarisk: Dados e Tecnologia,Datarisk,Florian√≥polis e Regi√£o,Presencial,Cientista de Dados,0,0,0,1,0,0,0,0,0,0,0,0,0,0,0,0,Tempo integral
121,Data Engineer - Online Job,Oowlish,"Florian√≥polis, Santa Catarina, Brasil",Presencial,Engenheiro de Dados,0,0,1,0,0,1,0,0,0,0,0,0,0,0,0,0,Tempo integral
122,Analytics Engineer,Adyen,"S√£o Paulo, S√£o Paulo, Brasil",H√≠brido,Analista de Dados,0,0,0,1,1,1,0,0,0,0,0,0,0,0,0,0,Tempo integral
126,Business Intelligence Analyst (H√çBRIDO),MATH,"S√£o Paulo, S√£o Paulo, Brasil",H√≠brido,Analista BI,1,0,0,0,1,1,1,0,0,0,0,1,1,0,0,0,Tempo integral
127,EST√ÅGIO TALENTO - DATA SCIENCE,Lojas Quero-Quero S.A.,"Cachoeirinha, Rio Grande do Sul, Brasil",Remoto,Cientista de Dados,0,0,0,1,0,0,0,0,0,0,0,0,0,0,0,0,Tempo integral
128,ANALISTA DE DADOS,Outlet Lingerie,"S√£o Paulo, S√£o Paulo, Brasil",Remoto,Analista de Dados,0,0,0,1,0,0,0,0,0,0,0,0,1,0,0,0,Tempo integral
129,"People Analytics - Morumbi, SP",UnitedHealth Group,"S√£o Paulo, S√£o Paulo, Brasil",Presencial,Analista de Dados,1,0,0,0,1,1,0,0,0,0,0,0,1,0,1,0,Tempo integral
130,Analista de Ci√™ncia de Dados Pleno,Ita√∫ Unibanco,"S√£o Paulo, S√£o Paulo, Brasil",Remoto,Analista de Dados,0,0,0,1,0,1,0,0,0,0,0,0,0,0,0,0,Tempo integral
131,Analytics Insights,Quod,"Barueri, S√£o Paulo, Brasil",Presencial,Analista de Dados,1,0,0,0,0,0,0,0,0,0,0,0,0,0,0,0,Tempo integral
132,Cientista de Dados,BIZM - Business Makers,"S√£o Paulo, S√£o Paulo, Brasil",Remoto,Cientista de Dados,1,0,0,0,1,1,0,0,0,0,0,1,1,0,0,0,Tempo integral
133,Analista de Dados Junior - para Minsait (An Indra Company),Modern Talent Hub,S√£o Paulo e Regi√£o,Presencial,Analista de Dados,1,0,0,0,0,1,0,0,0,0,0,0,1,0,0,1,Meio per√≠odo
134,20789 - Pessoa Estagi√°ria N√≠vel Superior - Dados e Analytics,Intelbras,"S√£o Jos√©, Santa Catarina, Brasil",Presencial,Analista de Dados,1,0,0,0,0,0,0,0,0,0,0,0,0,0,0,0,Meio per√≠odo
135,Analista de Dados I,V.tal,"S√£o Paulo, S√£o Paulo, Brasil",Remoto,Analista de Dados,0,0,0,1,0,0,0,0,0,0,0,1,1,0,0,1,Contrato
136,Data Engineer,GeekHunter,"S√£o Paulo, S√£o Paulo, Brasil",Remoto,Engenheiro de Dados,1,0,0,0,1,1,0,0,0,0,0,0,0,0,0,1,Tempo integral
137,analista de data analytics pleno,enjoei,"S√£o Paulo, S√£o Paulo, Brasil",Presencial,Analista de Dados,0,0,0,1,1,1,0,0,0,0,0,1,1,0,0,0,Tempo integral
138,"JUNIOR DATA SCIENTIST - Dubai, UAE",Cobblestone Energy,"S√£o Paulo, S√£o Paulo, Brasil",Remoto,Cientista de Dados,0,0,0,1,1,0,0,0,0,1,0,0,0,0,0,0,Tempo integral
139,Analista de Dados,Grupo Via Capital,"Belo Horizonte, Minas Gerais, Brasil",Presencial,Analista de Dados,1,0,0,0,0,1,0,0,0,0,0,0,1,0,0,0,Tempo integral
140,ANALISTA DE DADOS SQL,Grupo Vamos,"S√£o Paulo, S√£o Paulo, Brasil",H√≠brido,Analista de Dados,1,0,0,0,0,1,0,0,0,0,0,0,0,0,0,0,Tempo integral
141,Business Intelligence & Core Data Coordinator,IQVIA,"S√£o Paulo, S√£o Paulo, Brasil",H√≠brido,Analista BI,0,0,0,1,0,1,0,0,0,0,0,0,0,0,1,0,Tempo integral
142,TECH - DATA | Data Platform Engineer,BTG Pactual,S√£o Paulo e Regi√£o,Remoto,Engenheiro de Dados,0,0,0,1,1,1,0,0,0,0,0,0,0,0,0,1,Tempo integral
144,Especialista de Dados,Prudential Financial,S√£o Paulo e Regi√£o,Remoto,Cientista de Dados,0,0,1,0,1,1,0,0,0,0,0,0,1,0,0,0,Tempo integral
145,Engenheiro de Dados,BIZM - Business Makers,"S√£o Paulo, S√£o Paulo, Brasil",Remoto,Engenheiro de Dados,1,0,0,0,1,0,0,0,0,0,0,0,0,0,0,1,Tempo integral
146,Data Analytics Jr,Grupo Tony Ve√≠culos,"S√£o Jos√© dos Campos, S√£o Paulo, Brasil",H√≠brido,Analista de Dados,0,0,0,1,1,1,1,0,0,0,0,0,0,0,0,0,Tempo integral
147,Business Analyst Intern,Amazon,"S√£o Paulo, S√£o Paulo, Brasil",Presencial,Analista BI,1,0,0,0,0,1,0,0,0,0,0,0,0,0,1,0,Tempo integral
149,"Senior Associate, Insights Data Science",Bain & Company,"S√£o Paulo, S√£o Paulo, Brasil",Presencial,Cientista de Dados,0,0,0,1,1,1,0,0,0,0,0,0,0,0,0,0,Tempo integral
150,Engenheiro de Dados Pl,S3 BANK,"S√£o Paulo, Brasil",Remoto,Engenheiro de Dados,0,0,1,0,1,1,0,0,0,0,0,0,0,0,0,0,Tempo integral
152,Data Science Intern,Samsung Brasil,"Campinas, S√£o Paulo, Brasil",Presencial,Cientista de Dados,0,0,0,1,1,0,0,0,0,0,0,0,0,0,0,0,Tempo integral
153,Analista de Dados,Weclix,"Ribeir√£o Preto, S√£o Paulo, Brasil",Presencial,Analista de Dados,1,0,0,0,0,0,0,0,0,0,0,0,1,0,0,0,Tempo integral
154,Analista de Dados,Grupo Apisul,"Porto Alegre, Rio Grande do Sul, Brasil",Remoto,Analista de Dados,1,0,0,0,0,1,0,0,0,0,0,0,0,0,0,0,Tempo integral
155,Programa Minha Chance_Jovens Profissionais Microsoft e Google,Minsait,"S√£o Paulo, S√£o Paulo, Brasil",Presencial,Cientista de Dados,0,0,1,0,0,0,0,0,0,0,0,0,0,0,0,0,Tempo integral
156,Cientista de Dados J√∫nior,Amplifica Digital,"S√£o Paulo, S√£o Paulo, Brasil",Presencial,Cientista de Dados,1,0,0,0,1,1,0,1,0,0,0,0,0,0,0,1,Tempo integral
157,Estagio Analista de Dados Comerciais,Mais Est√°gios,"Curitiba, Paran√°, Brasil",Presencial,Analista de Dados,0,0,0,1,1,1,0,0,0,0,0,1,0,0,0,0,Tempo integral
158,Est√°gio em Business Analytics,HostGator Am√©rica Latina,Brasil,H√≠brido,Analista BI,0,0,0,1,0,0,0,0,0,0,0,0,0,0,0,0,Tempo integral
159,Analista de Segurana de Dados Jr,NPW Digital,S√£o Paulo e Regi√£o,Presencial,Analista de Dados,0,0,0,1,0,0,0,0,0,0,0,0,0,0,0,1,Tempo integral
160,Analista de Dados,Refera,"S√£o Paulo, S√£o Paulo, Brasil",Presencial,Analista de Dados,0,0,0,1,0,1,0,0,0,0,0,0,0,0,0,1,Tempo integral
161,Cientista de Dados,Meta,"S√£o Paulo, S√£o Paulo, Brasil",Remoto,Cientista de Dados,0,0,0,1,1,0,0,0,0,0,0,0,0,0,0,0,Tempo integral
162,Analista de Data Science,Xcelis,"S√£o Paulo, S√£o Paulo, Brasil",H√≠brido,Analista de Dados,0,0,0,1,1,0,0,0,0,0,0,0,0,0,0,0,Tempo integral
163,Especialista de BI,HDI Seguros,S√£o Paulo e Regi√£o,Remoto,Cientista de Dados,1,0,0,0,1,1,0,0,0,0,0,0,1,0,0,0,Tempo integral
165,DATA SCIENCE CONSULTANT SAO PAULO,Management Solutions,"S√£o Paulo, S√£o Paulo, Brasil",Remoto,Cientista de Dados,0,0,0,1,1,0,0,0,0,1,0,0,0,0,0,0,Tempo integral
166,Engenheiro de Machine Learning (ML Engineer),ILUMEO - Data Science Company,"S√£o Paulo, Brasil",Presencial,Engenheiro de Dados,0,0,1,0,1,1,0,0,0,0,0,0,0,0,0,1,Tempo integral
168,Data Engineer - Online Job,Oowlish,"Porto Alegre, Rio Grande do Sul, Brasil",Presencial,Engenheiro de Dados,0,0,1,0,0,1,0,0,0,0,0,0,0,0,0,0,Tempo integral
169,Analista de Sistemas | Cientista de Dados,Deloitte,"S√£o Paulo, S√£o Paulo, Brasil",H√≠brido,Analista de Dados,0,0,1,0,1,1,0,0,0,0,0,1,1,0,0,0,Tempo integral
170,Cientista de Dados - J√∫nior,EY,"S√£o Paulo, S√£o Paulo, Brasil",Presencial,Cientista de Dados,0,0,0,1,1,1,0,0,0,0,0,0,0,0,0,0,Tempo integral
171,Cientista de Dados J√∫nior,DataEX,"Jundia√≠, S√£o Paulo, Brasil",H√≠brido,Cientista de Dados,0,0,0,1,1,0,0,0,0,0,0,0,0,0,0,1,Tempo integral
173,Cientista de Dados,Natura,"S√£o Paulo, S√£o Paulo, Brasil",Presencial,Cientista de Dados,0,0,0,1,1,1,0,0,0,0,0,0,0,0,0,0,Tempo integral
174,Especialista de Dados,Prudential Financial,"S√£o Paulo, S√£o Paulo, Brasil",Presencial,Cientista de Dados,0,0,1,0,1,1,0,0,0,0,0,0,1,0,0,0,Tempo integral
175,Data Analyst Sr,banco BV,"S√£o Paulo, S√£o Paulo, Brasil",Remoto,Analista de Dados,1,0,0,0,0,1,0,0,0,0,0,1,1,0,0,0,Tempo integral
177,Cientista de Dados (Remoto),IBM,"Rio de Janeiro, Rio de Janeiro, Brasil",H√≠brido,Cientista de Dados,0,0,0,1,1,1,0,1,0,1,1,1,1,0,0,1,Tempo integral
178,Cientista de Dados | Big Data & AI,Globo,Brasil,H√≠brido,Cientista de Dados,0,1,0,0,1,1,0,0,0,0,1,0,0,0,0,1,Tempo integral
180,Analista de Dados,Casa do Pica-Pau,"Goi√¢nia, Goi√°s, Brasil",Presencial,Analista de Dados,1,0,0,0,0,0,0,0,0,0,0,0,1,0,0,0,Tempo integral
181,Pessoa Cientista de Dados J√∫nior - Varejista de Food Service,BIP Brasil,"S√£o Paulo, S√£o Paulo, Brasil",Remoto,Cientista de Dados,0,0,0,1,1,0,0,0,0,0,0,0,0,0,0,1,Tempo integral
182,Analista de Dados,G4 Educa√ß√£o,"S√£o Paulo, S√£o Paulo, Brasil",H√≠brido,Analista de Dados,0,0,0,1,1,1,0,0,0,0,0,1,1,0,1,0,Tempo integral
184,ANALISTA DE DADOS JR,YDUQS,"Rio de Janeiro, Rio de Janeiro, Brasil",H√≠brido,Analista de Dados,1,0,0,0,1,1,0,0,0,0,0,0,1,0,1,0,Tempo integral
185,Data Engineer Python,GeekHunter,"S√£o Paulo, S√£o Paulo, Brasil",Presencial,Engenheiro de Dados,0,0,0,1,1,1,1,0,0,0,0,1,1,0,0,1,Tempo integral
186,Analista de Dados Pleno - Modelos de Previs√£o de Demanda,Ita√∫ Unibanco,"S√£o Paulo, S√£o Paulo, Brasil",Presencial,Analista de Dados,0,0,0,1,1,1,0,0,0,0,0,0,0,0,0,1,Tempo integral
187,Analista de Dados,Meta,"S√£o Paulo, S√£o Paulo, Brasil",H√≠brido,Analista de Dados,0,0,0,1,0,1,0,0,0,0,0,0,0,0,0,1,Tempo integral
188,Analista de Dados e Power BI,LogsUp Log√≠stica Sustent√°vel,"S√£o Paulo, S√£o Paulo, Brasil",Remoto,Analista de Dados,0,0,0,1,0,1,0,1,0,0,0,0,1,0,0,0,Tempo integral
189,Data Engineer,TRACTIAN,Brasil,Remoto,Engenheiro de Dados,0,0,0,1,1,1,1,1,0,0,0,0,0,0,0,0,Tempo integral
190,Vaga afirmativa para pessoas LGBTQIA+ (Analista de Dados),Marketdata,"S√£o Paulo, Brasil",H√≠brido,Analista de Dados,1,0,0,0,0,1,0,0,0,0,0,0,0,0,0,0,Meio per√≠odo
193,Vaga afirmativa para pessoas pretas (Analista de Dados),Marketdata,"S√£o Paulo, Brasil",Presencial,Analista de Dados,1,0,0,0,0,1,0,0,0,0,0,0,0,0,0,0,Tempo integral
194,Data Engineer,Dell Technologies,Brasil,Presencial,Engenheiro de Dados,0,0,0,1,1,1,1,1,0,0,0,1,0,0,0,0,Meio per√≠odo
196,Analista de dados,Grupo Skytech,"S√£o Paulo, S√£o Paulo, Brasil",Presencial,Analista de Dados,0,0,0,1,0,0,0,0,0,0,0,0,0,0,0,0,Tempo integral
197,Data & Analytics Analyst (Latam Cross Border Team),Shopee,"S√£o Paulo, S√£o Paulo, Brasil",Remoto,Analista de Dados,1,0,0,0,1,1,0,0,0,0,0,0,0,0,0,0,Tempo integral
198,Data Scientist - English speaker (Hybrid),Shift Technology,"S√£o Paulo, S√£o Paulo, Brasil",H√≠brido,Cientista de Dados,0,0,0,1,0,0,0,1,0,0,0,0,0,0,0,0,Tempo integral
199,Environmental Data Analyst (Entry Level),ERM,"Salvador, Bahia, Brasil",Remoto,Analista de Dados,0,0,0,1,1,1,0,0,0,0,0,0,1,0,1,1,Meio per√≠odo
201,Data Technology Consultant,Microsoft,"S√£o Paulo, S√£o Paulo, Brasil",Remoto,Cientista de Dados,0,0,0,1,0,1,0,0,0,0,0,0,1,0,0,1,Tempo integral
202,Artificial Intelligence Intern,Samsung Brasil,"Campinas, S√£o Paulo, Brasil",Remoto,Cientista de Dados,0,0,0,1,1,0,0,0,0,0,0,0,0,0,0,0,Tempo integral
203,Estagi√°rio de Business Intelligence,Extrabom Supermercados,"Serra, Esp√≠rito Santo, Brasil",Presencial,Analista BI,1,0,0,0,0,0,0,0,0,0,0,1,1,0,0,0,Tempo integral
204,Especialista Product Owner (Dados & AI) | Advertising,Globo,"S√£o Paulo, S√£o Paulo, Brasil",Presencial,Cientista de Dados,0,0,1,0,0,0,0,0,0,0,0,0,0,0,0,0,Tempo integral
207,Analista de Dados (Modelagem) na Vivo,INTERA | Talent Hacking,"S√£o Paulo, Brasil",H√≠brido,Analista de Dados,0,0,0,1,1,1,0,0,0,0,0,0,0,0,0,0,Meio per√≠odo
208,Analista de dados pleno,Studio Z,"S√£o Jos√©, Santa Catarina, Brasil",Presencial,Analista de Dados,1,0,0,0,0,1,0,0,0,0,0,1,1,1,1,0,Tempo integral
209,Analista De Dados,Grupo Selecionar,"S√£o Paulo, S√£o Paulo, Brasil",Remoto,Analista de Dados,0,0,0,1,0,1,0,0,0,0,0,1,1,0,0,0,Tempo integral
210,Analista de Dados,Burh,"Sorocaba, S√£o Paulo, Brasil",Remoto,Analista de Dados,0,0,0,1,0,0,0,0,0,0,0,0,0,0,0,0,Tempo integral
211,Analista de Dados J√∫nior,i-Cherry,"Curitiba, Paran√°, Brasil",Remoto,Analista de Dados,0,0,0,1,0,0,0,0,0,0,0,0,0,0,0,0,Tempo integral
212,Trainee Recrutamento Tech,NEORIS,"S√£o Paulo, S√£o Paulo, Brasil",Presencial,Cientista de Dados,0,0,0,1,0,0,0,0,0,0,0,0,0,0,0,0,Tempo integral
213,Analista De Dados,Grupo Selecionar,"S√£o Paulo, S√£o Paulo, Brasil",Remoto,Analista de Dados,0,0,0,1,0,1,0,0,0,0,0,1,1,0,0,0,Tempo integral
214,Analista De Dados,Grupo Selecionar,"S√£o Paulo, S√£o Paulo, Brasil",H√≠brido,Analista de Dados,0,0,0,1,0,1,0,0,0,0,0,1,1,0,0,0,Tempo integral
218,Business Systems Analyst Jr.,IQVIA,"S√£o Paulo, Brasil",Presencial,Analista BI,0,0,0,1,0,1,0,0,0,0,0,0,0,0,0,0,Tempo integral
220,"Data Analyst (Statistics/Python/BI) (Bangkok-based, relocation provided)",Agoda,S√£o Paulo e Regi√£o,Presencial,Analista de Dados,1,0,0,0,1,1,0,1,0,0,0,1,1,0,0,0,Meio per√≠odo
221,Data Analytics Mid-Level,CI&T,Brasil,Remoto,Analista de Dados,0,0,0,1,0,0,0,1,0,0,0,0,0,0,0,0,Meio per√≠odo
222,Pessoa Engenheira de Dados,XP Inc.,"S√£o Paulo, S√£o Paulo, Brasil",Remoto,Cientista de Dados,0,0,0,1,0,0,0,0,0,0,0,0,0,0,0,0,Tempo integral
223,Engenheiro de dados,DISYS Brasil,S√£o Paulo e Regi√£o,H√≠brido,Engenheiro de Dados,0,0,0,1,0,0,0,0,0,0,0,0,0,0,0,0,Tempo integral
225,Data Analyst - Listings,Shopee,"S√£o Paulo, S√£o Paulo, Brasil",H√≠brido,Analista de Dados,0,0,0,1,1,1,0,0,0,0,0,0,0,0,0,0,Tempo integral
226,"Marketing Analyst (Bangkok Based, relocation provided)",Agoda,S√£o Paulo e Regi√£o,Remoto,Analista de Dados,1,0,0,0,1,1,0,1,0,0,0,1,1,0,0,0,Tempo integral
227,Analista De Dados,Brasilcom,"S√£o Paulo, S√£o Paulo, Brasil",Presencial,Analista de Dados,0,0,0,1,0,0,0,0,0,0,0,0,0,0,0,0,Tempo integral
228,Data Analyst Specialist,Bridgestone do Brasil,"S√£o Paulo, S√£o Paulo, Brasil",Presencial,Analista de Dados,1,0,0,0,1,1,0,1,0,0,0,1,1,0,0,0,Tempo integral
231,"Data Analytics, Last Mile COE",Ataway,"Campinas, S√£o Paulo, Brasil",Remoto,Analista de Dados,0,0,0,1,1,0,0,0,0,0,0,0,0,0,0,0,Tempo integral
233,Analista de banco de dados,PSM COMPANY,"Bras√≠lia, Distrito Federal, Brasil",Presencial,Analista de Dados,1,0,0,0,0,1,0,0,0,0,0,0,0,0,0,0,Tempo integral
234,Analista de BI,Hospital Israelita Albert Einstein,"S√£o Paulo, S√£o Paulo, Brasil",Remoto,Analista de Dados,0,0,0,1,1,1,1,0,0,0,0,0,1,0,0,1,Tempo integral
237,Banco de Talentos - Business Intelligence,MODALGR,"Santos, S√£o Paulo, Brasil",Presencial,Analista BI,0,0,0,1,0,1,0,0,0,0,0,0,1,0,0,0,Meio per√≠odo
238,Analista de Dados,Varejo MAIS,"Natal, Rio Grande do Norte, Brasil",H√≠brido,Analista de Dados,1,0,0,0,0,1,0,0,0,0,0,0,1,0,0,0,Tempo integral
239,Analista de Dados,Hirota Food Supermercados,"S√£o Paulo, S√£o Paulo, Brasil",Remoto,Analista de Dados,0,0,0,1,0,0,0,0,0,0,0,0,0,0,0,0,Tempo integral
240,ANALISTA DE DADOS - CR√âDITO,Grupo Avenida,S√£o Paulo e Regi√£o,H√≠brido,Analista de Dados,0,0,0,1,0,0,0,0,0,0,0,0,0,0,0,0,Tempo integral
241,Data Engineer,Corteva Agriscience,"Barueri, S√£o Paulo, Brasil",Remoto,Engenheiro de Dados,1,0,0,0,0,1,0,0,0,0,0,0,0,0,0,1,Tempo integral
242,"Data Analyst (Statistics/Python/BI) (Bangkok-based, relocation provided)",Agoda,"Manaus, Amazonas, Brasil",H√≠brido,Analista de Dados,1,0,0,0,1,1,0,1,0,0,0,1,1,0,0,0,Tempo integral
244,Engenheiro de dados,Medway | Educa√ß√£o M√©dica,"S√£o Paulo, Brasil",Remoto,Engenheiro de Dados,0,0,0,1,0,1,0,0,0,0,0,0,0,0,0,1,Tempo integral
245,Analista de dados,BRNPAR Empreendimentos Imobili√°rios.,"Araras, S√£o Paulo, Brasil",H√≠brido,Analista de Dados,0,0,0,1,1,1,0,0,0,0,0,1,1,0,0,0,Tempo integral
246,Cientista de Dados Machine learning pleno,GeekHunter,"S√£o Paulo, S√£o Paulo, Brasil",H√≠brido,Cientista de Dados,0,0,0,1,1,0,0,0,0,0,0,0,0,0,0,1,Tempo integral
248,S&PP Analytics Support ‚Äì Sustainability Services,Accenture Brasil,"S√£o Paulo, S√£o Paulo, Brasil",Presencial,Analista de Dados,0,0,0,1,0,1,0,0,0,0,0,0,0,0,1,0,Tempo integral
249,Data Scientist Specialist,Gympass,"S√£o Paulo, S√£o Paulo, Brasil",Remoto,Cientista de Dados,1,0,0,0,1,1,0,0,0,0,0,0,0,0,0,0,Tempo integral
250,Data Engineer Jr.,Peers Consulting & Technology,"S√£o Paulo, S√£o Paulo, Brasil",Presencial,Engenheiro de Dados,0,0,0,1,0,0,0,0,0,0,0,0,0,0,0,0,Meio per√≠odo
253,Data Engineer,BEES Brasil,"Campinas, S√£o Paulo, Brasil",Presencial,Engenheiro de Dados,0,0,0,1,0,1,0,0,0,0,0,0,0,0,0,1,Tempo integral
254,Environmental Data Analyst (Entry Level),ERM,"Porto Alegre, Rio Grande do Sul, Brasil",Presencial,Analista de Dados,0,0,0,1,1,1,0,0,0,0,0,0,1,0,1,1,Tempo integral
255,Analista de Dados S√™nior,Uze,"S√£o Paulo, S√£o Paulo, Brasil",Presencial,Analista de Dados,1,0,0,0,1,1,0,0,0,0,0,0,0,0,0,0,Tempo integral
256,Analista BI - Powercenter,Foursys,Brasil,Presencial,Analista de Dados,0,0,0,1,0,1,0,0,0,0,0,0,0,0,0,0,Tempo integral
257,Data Engineer Coordinator (Marketplace Fraud Prevention),Shopee,"S√£o Paulo, S√£o Paulo, Brasil",Remoto,Engenheiro de Dados,0,0,0,1,1,1,0,0,0,0,0,0,1,0,1,0,Tempo integral
259,Analista Banco de Dados Pleno,Bradesco Seguros,"Barueri, S√£o Paulo, Brasil",Remoto,Analista de Dados,0,0,0,1,1,1,0,0,0,0,0,0,0,0,0,0,Tempo integral
260,Data Engineer,Adyen,"S√£o Paulo, S√£o Paulo, Brasil",Remoto,Engenheiro de Dados,0,0,0,1,1,1,0,0,0,0,0,0,0,0,0,0,Tempo integral
262,Sympla | Analista de Dados - Risco,Anywhere,"Belo Horizonte, Minas Gerais, Brasil",Presencial,Analista de Dados,1,0,0,0,1,1,1,0,0,0,0,1,1,0,0,0,Tempo integral
263,Analista de BI,C&A Brasil,"Barueri, S√£o Paulo, Brasil",H√≠brido,Analista de Dados,1,0,0,0,0,1,0,0,0,0,0,0,1,0,1,0,Tempo integral
266,Artificial Intelligence Analyst,Tata Consultancy Services,"S√£o Paulo, Brasil",Presencial,Analista de Dados,0,0,0,1,0,0,0,1,0,0,0,0,0,0,0,1,Tempo integral
269,"Data Analyst, Strategic Partnerships( Bangkok based)",Agoda,S√£o Paulo e Regi√£o,Remoto,Analista de Dados,1,0,0,0,1,1,0,1,0,0,0,1,1,0,0,0,Tempo integral
270,Business Analytics,Egger e Mesquita Advogados Associados,S√£o Paulo e Regi√£o,Presencial,Analista BI,0,0,0,1,0,0,0,0,0,0,0,0,0,0,0,0,Tempo integral
272,Data Scientist (Fraud Prevention),"CloudWalk, Inc.","S√£o Paulo, S√£o Paulo, Brasil",Remoto,Cientista de Dados,0,0,0,1,1,1,0,0,0,0,0,0,0,0,0,1,Tempo integral
273,Junior Data Scientist,4flow,"Campinas, S√£o Paulo, Brasil",H√≠brido,Cientista de Dados,0,0,0,1,1,1,1,0,0,0,0,0,0,0,1,0,Tempo integral
274,Data Analyst Business Operations,Nowports,"S√£o Paulo, S√£o Paulo, Brasil",H√≠brido,Analista BI,0,0,0,1,1,1,0,0,0,0,0,1,1,0,0,0,Tempo integral
275,Pessoa Engenheira de Dados | Big Data & AI,Globo,Brasil,Presencial,Cientista de Dados,1,0,0,0,1,1,1,0,0,0,0,0,0,0,0,1,Tempo integral
277,Data Scientist,Peers Consulting & Technology,"S√£o Paulo, S√£o Paulo, Brasil",Remoto,Cientista de Dados,0,0,1,0,1,1,0,0,0,0,0,0,0,0,0,1,Meio per√≠odo
278,Alteryx Data Scientist,Data Meaning,"S√£o Paulo, S√£o Paulo, Brasil",Presencial,Cientista de Dados,0,0,0,1,1,1,0,0,0,0,0,0,0,0,0,0,Tempo integral
279,Data Visualization Pleno,C6 Bank,"S√£o Paulo, S√£o Paulo, Brasil",H√≠brido,Cientista de Dados,0,0,0,1,0,1,0,0,0,0,0,1,1,0,0,0,Tempo integral
280,Business Data Analyst - Chargeback,Shopee,"S√£o Paulo, S√£o Paulo, Brasil",H√≠brido,Analista BI,0,0,0,1,1,1,0,0,0,0,0,0,1,0,1,0,Tempo integral
281,Environmental Data Analyst (Entry Level),ERM,"Belo Horizonte, Minas Gerais, Brasil",H√≠brido,Analista de Dados,0,0,0,1,1,1,0,0,0,0,0,0,1,0,1,1,Tempo integral
282,Digital Analytics,XP Inc.,"S√£o Paulo, S√£o Paulo, Brasil",H√≠brido,Analista de Dados,0,0,0,1,1,1,0,0,0,0,0,1,1,0,0,0,Tempo integral
283,Est√°gio em Indicadores (PowerBi e Excel) - Vaga exclusiva para mulheres,Braskem,"S√£o Paulo, Brasil",Presencial,Cientista de Dados,1,0,0,0,0,0,0,0,0,0,0,0,1,0,0,0,Tempo integral
284,Pessoa Engenheira de Dados J√∫nior,Provi,"S√£o Paulo, S√£o Paulo, Brasil",Presencial,Cientista de Dados,0,0,0,1,0,1,0,0,0,0,0,0,0,0,0,1,Tempo integral
285,Analista de Dados,Icaro Tech,Campinas e Regi√£o,H√≠brido,Analista de Dados,0,0,1,0,1,0,0,1,0,0,0,0,1,0,0,0,Tempo integral
286,Analista de Dados,CTC,"Rio de Janeiro, Rio de Janeiro, Brasil",Remoto,Analista de Dados,1,0,0,0,1,1,0,0,0,0,0,0,1,0,0,0,Tempo integral
287,Cientista de Dados Junior,C6 Bank,"S√£o Paulo, S√£o Paulo, Brasil",H√≠brido,Cientista de Dados,0,0,0,1,1,1,0,0,0,0,0,0,0,0,0,0,Tempo integral
288,Analista Power BI,DBC Company,Brasil,Presencial,Analista de Dados,0,0,0,1,0,0,0,0,0,0,0,0,0,0,0,0,Tempo integral
289,Engenheiro de Dados PL | Open Finance,PicPay,"S√£o Paulo, S√£o Paulo, Brasil",Remoto,Engenheiro de Dados,0,0,0,1,1,1,0,0,0,0,0,1,1,0,0,1,Meio per√≠odo
290,Business Intelligence Analyst,IQVIA,"S√£o Paulo, S√£o Paulo, Brasil",Presencial,Analista BI,0,0,0,1,1,1,0,0,0,0,0,0,0,0,1,0,Tempo integral
293,TECH - DATA | Data Analytics Specialist,BTG Pactual,"S√£o Paulo, S√£o Paulo, Brasil",H√≠brido,Analista de Dados,0,0,0,1,1,1,0,0,0,0,0,1,1,0,0,1,Tempo integral
295,Engenheiro de Dados Jr.,Sua M√∫sica,"S√£o Paulo, S√£o Paulo, Brasil",Remoto,Engenheiro de Dados,0,0,0,1,1,1,0,0,0,0,0,0,0,0,0,1,Tempo integral
296,Data Scientist,OpenCircle,"S√£o Paulo, S√£o Paulo, Brasil",Presencial,Cientista de Dados,0,1,0,0,1,0,0,0,0,0,0,0,0,0,0,0,Tempo integral
297,"Data Analyst (Statistics/Python/BI) (Bangkok-based, relocation provided)",Agoda,"Curitiba, Paran√°, Brasil",H√≠brido,Analista de Dados,1,0,0,0,1,1,0,1,0,0,0,1,1,0,0,0,Tempo integral
298,Monitoring Analyst,"CloudWalk, Inc.","S√£o Paulo, S√£o Paulo, Brasil",H√≠brido,Analista de Dados,0,0,0,1,0,1,0,0,0,0,0,0,0,0,0,0,Meio per√≠odo
299,Cientista de Dados III | Telecine,Globo,"Rio de Janeiro, Rio de Janeiro, Brasil",H√≠brido,Cientista de Dados,1,0,0,0,1,1,0,0,0,0,0,1,1,0,0,0,Tempo integral
301,BI Engineer,Amazon Business,"S√£o Paulo, S√£o Paulo, Brasil",Presencial,Engenheiro de Dados,1,0,0,0,1,1,0,1,0,0,0,0,0,0,1,1,Tempo integral
302,Banco de Talentos - Cientista de Dados,Duratex,"S√£o Paulo, S√£o Paulo, Brasil",Presencial,Cientista de Dados,0,0,1,0,1,1,1,0,0,0,0,1,0,0,0,1,Tempo integral
303,Analista De Dados | Intelig√™ncia Artificial,Unifique Telecomunica√ß√µes,"Timb√≥, Santa Catarina, Brasil",Remoto,Analista de Dados,0,0,0,1,0,0,0,0,0,0,0,0,0,0,0,0,Tempo integral
304,Cientista de Dados - S√™nior,EY,"S√£o Paulo, S√£o Paulo, Brasil",Remoto,Cientista de Dados,1,0,0,0,1,1,0,0,0,0,0,1,1,0,0,0,Tempo integral
305,Analista de An√°lise de Dados Pleno,C6 Bank,"S√£o Paulo, S√£o Paulo, Brasil",Presencial,Analista de Dados,0,0,0,1,0,1,0,0,0,0,0,0,0,0,0,1,Tempo integral
306,Data Analyst,Wipro,Brasil,H√≠brido,Analista de Dados,0,0,0,1,1,1,0,0,0,0,0,0,0,0,0,0,Tempo integral
309,Engenheiro de Dados | Analytics Engineer,Trinus Co.,"Goi√¢nia, Goi√°s, Brasil",Presencial,Analista de Dados,0,0,0,1,1,1,0,0,0,0,0,0,0,0,0,0,Tempo integral
310,Analista De Dados Crm,Grupo Selecionar,"S√£o Paulo, S√£o Paulo, Brasil",Remoto,Analista de Dados,0,0,0,1,0,1,0,0,0,0,0,1,1,0,0,0,Tempo integral
312,Analista de produtos,Bradesco Seguros,"Barueri, S√£o Paulo, Brasil",H√≠brido,Analista de Dados,1,0,0,0,0,0,0,0,0,0,0,0,0,0,1,0,Contrato
313,Analista de B.I SR,Hospital S√≠rio-Liban√™s,"S√£o Paulo, S√£o Paulo, Brasil",H√≠brido,Analista de Dados,1,0,0,0,0,1,0,0,0,0,0,0,0,1,0,0,Tempo integral
315,Analista de Ci√™ncia de Dados,Lojas Renner S.A.,Porto Alegre e Regi√£o,H√≠brido,Analista de Dados,0,0,0,1,1,1,0,0,0,0,0,0,0,0,0,0,Meio per√≠odo
317,Analista de Dados (Exclusiva para pessoas com defici√™ncia - PCD),Alice,"S√£o Paulo, Brasil",H√≠brido,Analista de Dados,0,0,0,1,0,0,0,0,0,0,0,0,0,0,0,0,Tempo integral
318,"Data Analyst (Statistics/Python/BI) (Bangkok-based, relocation provided)",Agoda,"Salvador, Bahia, Brasil",H√≠brido,Analista de Dados,1,0,0,0,1,1,0,1,0,0,0,1,1,0,0,0,Tempo integral
319,Staff Machine Learning Engineer - Freemium,Spotify,"S√£o Paulo, S√£o Paulo, Brasil",H√≠brido,Engenheiro de Dados,0,0,1,0,1,0,0,0,0,0,1,0,0,0,0,0,Tempo integral
320,Consultor De Dados,Delfia,"S√£o Paulo, S√£o Paulo, Brasil",H√≠brido,Cientista de Dados,1,0,0,0,0,1,0,0,0,0,0,0,0,0,0,0,Tempo integral
321,Tecnologia | Cientista de Dados e Analytics,Cielo,"Barueri, S√£o Paulo, Brasil",Remoto,Analista de Dados,1,0,0,0,1,1,0,0,0,0,0,1,1,0,0,0,Tempo integral
322,Cientista de Dados I | Intelig√™ncia e Solu√ß√µes Para o Consumidor,Globo,"Rio de Janeiro, Rio de Janeiro, Brasil",H√≠brido,Cientista de Dados,1,0,0,0,0,1,0,0,0,0,0,0,0,0,0,0,Tempo integral
324,Data Scientist - Advanced Analytics (Remoto),IBM,"S√£o Paulo, S√£o Paulo, Brasil",Remoto,Analista de Dados,0,0,0,1,0,1,0,1,0,1,1,1,1,0,0,1,Tempo integral
325,Analista de Dados (Exclusiva para PCDs),Dasa,"S√£o Paulo, Brasil",Remoto,Analista de Dados,1,0,0,0,0,1,0,0,0,0,0,0,1,0,0,0,Tempo integral
326,Environmental Data Analyst (Entry Level),ERM,"Rio de Janeiro, Rio de Janeiro, Brasil",Remoto,Analista de Dados,0,0,0,1,1,1,0,0,0,0,0,0,1,0,1,1,Tempo integral
327,ECS | Pessoa Analista de Dados Pleno,Serasa Experian,"S√£o Paulo, S√£o Paulo, Brasil",Presencial,Analista de Dados,0,0,0,1,1,1,0,0,0,0,0,0,0,0,0,1,Tempo integral
331,CRIPTO (MYNT) | Business Analyst,BTG Pactual,"S√£o Paulo, S√£o Paulo, Brasil",Remoto,Analista BI,0,0,0,1,0,0,0,0,0,0,0,0,0,0,0,0,Tempo integral
332,Mulheres em Dados | Engenharia de Dados,Ita√∫ Unibanco,"S√£o Paulo, Brasil",H√≠brido,Engenheiro de Dados,0,0,0,1,1,1,0,0,0,0,0,0,0,0,0,1,Tempo integral
334,Environmental Data Analyst (Entry Level),ERM,"S√£o Paulo, S√£o Paulo, Brasil",Presencial,Analista de Dados,0,0,0,1,1,1,0,0,0,0,0,0,1,0,1,1,Tempo integral
335,Consultor De Dados,Delfia,"S√£o Paulo, S√£o Paulo, Brasil",Presencial,Cientista de Dados,1,0,0,0,0,1,0,0,0,0,0,0,0,0,0,0,Tempo integral
336,BI Engineer,Amazon Business,"S√£o Paulo, S√£o Paulo, Brasil",Presencial,Engenheiro de Dados,1,0,0,0,1,1,0,1,0,0,0,0,0,0,1,1,Tempo integral
337,Engenheiro de Dados S√™nior,Omega Energia,"S√£o Paulo, S√£o Paulo, Brasil",Remoto,Engenheiro de Dados,0,0,0,1,1,1,1,0,0,0,0,0,0,0,0,1,Tempo integral
338,Analista de Arquitetura de Dados Pleno,banco BV,"S√£o Paulo, S√£o Paulo, Brasil",H√≠brido,Analista de Dados,0,0,0,1,0,1,0,0,0,0,0,0,0,0,0,0,Meio per√≠odo
339,Analista ETL,TMF Group,"Barueri, S√£o Paulo, Brasil",H√≠brido,Analista de Dados,1,0,0,0,0,1,0,0,0,0,0,0,0,0,0,0,Tempo integral
340,Staff Software Engineer - Data Platform,Atlas.xyz,Brasil,Presencial,Engenheiro de Dados,0,0,0,1,0,0,0,0,0,0,0,0,0,0,0,0,Tempo integral
341,"Data Analyst (Statistics/Python/BI) (Bangkok-based, relocation provided)",Agoda,Bel√©m e Regi√£o,H√≠brido,Analista de Dados,1,0,0,0,1,1,0,1,0,0,0,1,1,0,0,0,Tempo integral
343,TECH - DATA | Data Engineer,BTG Pactual,S√£o Paulo e Regi√£o,Presencial,Engenheiro de Dados,0,0,0,1,1,1,0,0,0,0,0,0,0,0,0,1,Tempo integral
344,Data Engineer - Online Job,Oowlish,"S√£o Paulo, Brasil",Presencial,Engenheiro de Dados,0,0,0,1,0,0,0,0,0,0,0,0,0,0,0,0,Tempo integral
345,Analista de Dados - BI,Jadlog Log√≠stica,"S√£o Paulo, S√£o Paulo, Brasil",Remoto,Analista de Dados,1,0,0,0,1,1,0,0,0,0,0,1,1,0,0,0,Tempo integral
346,Especialista I Data Analytics (Canal Loja),Grupo Botic√°rio,Brasil,Remoto,Analista de Dados,1,0,0,0,0,1,0,0,0,0,0,1,1,0,1,1,Tempo integral
349,Analista de Modelagem S√™nior,Quod,"Barueri, S√£o Paulo, Brasil",Remoto,Analista de Dados,1,0,0,0,0,0,0,0,0,0,0,0,0,0,0,0,Tempo integral
351,Data Engineer Mid-level,CI&T,Brasil,Remoto,Engenheiro de Dados,0,0,0,1,1,0,0,0,0,0,0,0,0,0,0,1,Tempo integral
352,Analista de Modelagem de Dados,Puravida,"S√£o Paulo, S√£o Paulo, Brasil",H√≠brido,Analista de Dados,0,0,0,1,1,1,0,0,0,0,0,0,1,0,0,0,Tempo integral
353,Machine Learning Dev,Capgemini,"S√£o Paulo, S√£o Paulo, Brasil",Remoto,Cientista de Dados,1,0,0,0,1,1,0,1,0,0,0,0,0,0,0,1,Tempo integral
354,Data Scientist,Amaris Consulting,Campinas e Regi√£o,H√≠brido,Cientista de Dados,1,0,0,0,1,0,0,0,0,0,0,0,0,0,0,1,Tempo integral
355,Vaga afirmativa para pessoas pretas (Cientistas de Dados),Marketdata,"S√£o Paulo, Brasil",H√≠brido,Cientista de Dados,1,0,0,0,1,0,0,0,0,0,0,0,0,0,0,0,Tempo integral
358,"Sales Specialist, Data Analytics, Small and Medium-sized Businesses",Google,"S√£o Paulo, S√£o Paulo, Brasil",Presencial,Analista BI,1,0,0,0,0,0,0,0,0,0,0,0,0,0,0,1,Tempo integral
359,Business Intelligence Analyst *W2 only* [Remote],Braintrust,S√£o Paulo e Regi√£o,Presencial,Analista BI,0,0,0,1,1,1,0,0,0,0,0,1,1,0,0,0,Tempo integral
360,Data Scientist,Clara,"S√£o Paulo, S√£o Paulo, Brasil",Presencial,Cientista de Dados,0,0,0,1,1,1,0,0,0,0,0,0,0,0,0,1,Tempo integral
361,Front Office Risk Analyst,StoneX Group Inc.,"S√£o Paulo, S√£o Paulo, Brasil",Remoto,Analista de Dados,0,0,0,1,0,0,0,0,0,0,0,0,0,0,0,0,Tempo integral
362,Analistas e Consultores Host,Accenture Brasil,"S√£o Paulo, S√£o Paulo, Brasil",Remoto,Analista de Dados,0,0,0,1,0,0,0,0,0,0,0,0,0,0,0,0,Tempo integral
364,Analista de Dados,BRASIL E XAVIER ATIVIDADES DE PSICOLOGIA LTDA,"Rio de Janeiro, Rio de Janeiro, Brasil",Remoto,Analista de Dados,0,0,0,1,0,0,0,0,0,0,0,0,1,0,1,0,Tempo integral
365,ANALISTA DE DADOS TELECOM - BAURU,Paschoalotto,"Bauru, S√£o Paulo, Brasil",Remoto,Analista de Dados,1,0,0,0,0,1,0,0,0,0,0,0,1,0,1,0,Tempo integral
368,"Data Analyst (Statistics/Python/BI) (Bangkok-based, relocation provided)",Agoda,"Bras√≠lia, Distrito Federal, Brasil",Remoto,Analista de Dados,1,0,0,0,1,1,0,1,0,0,0,1,1,0,0,0,Tempo integral
369,Machine Learning Developer,unico IDtech,Brasil,Remoto,Cientista de Dados,0,0,1,0,0,0,0,0,0,0,1,0,0,0,0,1,Tempo integral
370,Analista De Dados Crm,Grupo Selecionar,"S√£o Paulo, S√£o Paulo, Brasil",H√≠brido,Analista de Dados,0,0,0,1,0,1,0,0,0,0,0,1,1,0,0,0,Tempo integral
371,Analista De Dados Crm,Grupo Selecionar,"S√£o Paulo, S√£o Paulo, Brasil",Presencial,Analista de Dados,0,0,0,1,0,1,0,0,0,0,0,1,1,0,0,0,Tempo integral
373,Analista de Privacidade de Dados,AlmavivA do Brasil,"S√£o Paulo, Brasil",Presencial,Analista de Dados,0,0,0,1,0,0,0,0,0,0,0,0,0,0,0,0,Tempo integral
374,Data/Back-End Engineer - Analytics Platform,Spotify,Brasil,Remoto,Analista de Dados,0,0,0,1,1,1,0,0,0,0,0,0,0,0,0,0,Meio per√≠odo
375,Engenheiro / Cientista de Dados,ArcelorMittal Sistemas,"Belo Horizonte, Minas Gerais, Brasil",H√≠brido,Engenheiro de Dados,1,0,0,0,1,1,0,1,0,0,0,0,0,0,0,1,Tempo integral
377,Analista De Dados Crm,Grupo Selecionar,"S√£o Paulo, S√£o Paulo, Brasil",H√≠brido,Analista de Dados,0,0,0,1,0,1,0,0,0,0,0,1,1,0,0,0,Tempo integral
378,Analista de dados,Sele√ß√£o & Avalia√ß√£o de Potencial,"S√£o Sebasti√£o do Ca√≠, Rio Grande do Sul, Brasil",H√≠brido,Analista de Dados,0,0,0,1,1,1,0,0,0,0,0,0,1,0,1,0,Tempo integral
379,Analista de Dados,A3Data,"Belo Horizonte, Minas Gerais, Brasil",Presencial,Analista de Dados,0,0,0,1,1,1,0,0,0,0,0,1,1,0,0,0,Tempo integral
380,Business Analyst - Vaga exclusiva para PCD,Oracle,"S√£o Paulo, S√£o Paulo, Brasil",H√≠brido,Analista BI,0,0,0,1,0,0,0,0,0,0,0,0,0,0,0,0,Tempo integral
381,Cientista de Dados Pleno - Sleep Tracker (Persono),ammo.varejo,Brasil,Presencial,Cientista de Dados,0,0,0,1,1,1,0,0,0,0,1,0,0,0,0,1,Tempo integral
382,Analyst 3 | QuantDevs,XP Inc.,"S√£o Paulo, S√£o Paulo, Brasil",Remoto,Analista de Dados,0,0,0,1,1,0,0,0,0,0,0,0,0,0,0,0,Tempo integral
383,Cientista de dados,Grupo IOB,Brasil,H√≠brido,Cientista de Dados,0,0,0,1,1,1,0,0,0,0,0,0,0,0,0,1,Tempo integral
384,Data Specialist - Customer Service Strategy,Gympass,"S√£o Paulo, S√£o Paulo, Brasil",Remoto,Cientista de Dados,0,0,0,1,1,1,0,0,0,0,0,0,0,0,0,0,Tempo integral
385,Engenheiro de Dados I,V.tal,"S√£o Paulo, S√£o Paulo, Brasil",Remoto,Engenheiro de Dados,0,0,0,1,1,1,0,0,0,0,0,0,0,0,0,1,Tempo integral
386,[RH] Analista de Dados,Beep Sa√∫de,"Rio de Janeiro, Rio de Janeiro, Brasil",Remoto,Analista de Dados,1,0,0,0,0,1,0,0,0,0,0,1,1,0,0,0,Tempo integral
387,Analista de Dados TI,Record TV,"S√£o Paulo, S√£o Paulo, Brasil",H√≠brido,Analista de Dados,1,0,0,0,0,1,0,0,0,0,0,0,1,0,0,0,Tempo integral
388,Support System Analyst,Tata Consultancy Services,"S√£o Paulo, Brasil",Presencial,Analista de Dados,0,0,0,1,1,0,0,1,0,0,0,0,0,0,0,0,Tempo integral
390,Pessoa Analista Consultora de Dados & Analytics,Ita√∫ Unibanco,"S√£o Paulo, Brasil",Remoto,Analista de Dados,0,0,0,1,0,1,0,0,0,0,0,1,0,0,0,1,Tempo integral
391,"Senior Data Analyst, Partner Development ‚Äì (Statistics/ML/BI) (Bangkok-based, relocation provided)",Agoda,"S√£o Paulo, S√£o Paulo, Brasil",Remoto,Analista de Dados,1,0,0,0,1,1,0,1,0,0,0,1,1,0,0,0,Tempo integral
393,Pessoa Cientista de Dados S√™nior,banQi,"S√£o Paulo, S√£o Paulo, Brasil",Remoto,Cientista de Dados,0,0,0,1,1,0,0,0,0,0,1,0,0,0,0,0,Tempo integral
394,Data Tech Lead,banco BV,"S√£o Paulo, S√£o Paulo, Brasil",Remoto,Cientista de Dados,0,0,0,1,0,0,0,0,0,0,0,0,0,0,0,0,Tempo integral
395,Analista De Dados -Projetos- / Piracicaba / 1 Vaga -S- -2541585 -,AG Talentos,"S√£o Paulo, S√£o Paulo, Brasil",Remoto,Analista de Dados,1,0,0,0,0,0,0,0,0,0,0,0,1,0,0,0,Tempo integral
396,Cientista de Dados,Keyrus Brasil,S√£o Paulo e Regi√£o,Remoto,Cientista de Dados,1,0,0,0,1,0,0,0,0,0,0,0,0,0,0,1,Tempo integral
397,Engenheiro de dados,√Çnima Educa√ß√£o,Brasil,Remoto,Engenheiro de Dados,1,0,0,0,1,1,0,0,0,0,0,0,0,0,0,0,Tempo integral
398,Business Analyst,Tata Consultancy Services,"S√£o Paulo, Brasil",Presencial,Analista BI,0,0,0,1,0,0,0,0,0,0,0,0,0,0,0,0,Tempo integral
400,Analista Pleno | Foco em BI (Data Visualization),Deloitte,"S√£o Paulo, S√£o Paulo, Brasil",H√≠brido,Analista de Dados,1,0,0,0,1,0,0,0,0,0,0,0,1,0,1,0,Tempo integral
401,Est√°gio em Indicadores (PowerBi e Excel) - Vaga exclusiva para pessoas negras,Braskem,"S√£o Paulo, Brasil",Remoto,Cientista de Dados,1,0,0,0,0,0,0,0,0,0,0,0,1,0,0,0,Tempo integral
402,Analista de Dados _ Insights & Analysis,JeffreyGroup,"S√£o Paulo, S√£o Paulo, Brasil",Remoto,Analista de Dados,0,0,0,1,0,0,0,0,0,0,0,0,0,0,1,0,Tempo integral
403,Data Science (Presencial - Belo Horizonte),Coodesh,"Belo Horizonte, Minas Gerais, Brasil",H√≠brido,Cientista de Dados,0,0,1,0,1,1,0,0,0,0,0,0,0,0,0,1,Tempo integral
404,Analista de Estrategia e Preven√ß√£o a Fraude Jr.,PagBank PagSeguro,S√£o Paulo e Regi√£o,Remoto,Analista de Dados,0,0,0,1,1,1,0,0,0,0,0,0,1,0,1,0,Tempo integral
406,Data Engineer - Data Modeling (Home Office),IBM,"Rio de Janeiro, Rio de Janeiro, Brasil",Remoto,Engenheiro de Dados,0,0,0,1,0,1,1,0,0,0,0,0,0,0,0,1,Tempo integral
408,Analista De Dados,Mercopampa Transportes,"Santa Maria, Rio Grande do Sul, Brasil",Presencial,Analista de Dados,0,0,0,1,0,0,0,0,0,0,0,0,1,0,0,0,Tempo integral
409,CHATBOT ANALYST,Mundiale,Brasil,Presencial,Analista de Dados,0,0,0,1,0,0,0,0,0,0,0,0,0,0,0,0,Tempo integral
410,Especialista de An√°lise de Dados,C6 Bank,"S√£o Paulo, S√£o Paulo, Brasil",H√≠brido,Cientista de Dados,0,0,0,1,0,1,0,0,0,0,0,0,0,0,0,1,Tempo integral
411,Analista ETL,Minsait,"S√£o Paulo, Brasil",Remoto,Analista de Dados,0,0,1,0,0,1,0,0,0,0,0,0,0,0,0,0,Tempo integral
413,Analista de Dados,Icaro Tech,"Campinas, S√£o Paulo, Brasil",Remoto,Analista de Dados,0,0,1,0,1,0,0,1,0,0,0,0,1,0,0,0,Meio per√≠odo
415,Analista de Business Intelligence Pleno,ALD Automotive Brasil,S√£o Paulo e Regi√£o,Presencial,Analista BI,1,0,0,0,0,1,0,0,0,0,0,0,1,0,0,0,Tempo integral
417,"Data Analyst (Statistics/Python/BI) (Bangkok-based, relocation provided)",Agoda,"Porto Alegre, Rio Grande do Sul, Brasil",Presencial,Analista de Dados,1,0,0,0,1,1,0,1,0,0,0,1,1,0,0,0,Tempo integral
418,GCP Data Engineer | Remote,Capgemini,S√£o Paulo e Regi√£o,Remoto,Engenheiro de Dados,1,0,0,0,1,1,0,1,0,0,0,1,0,0,0,1,Tempo integral
419,Engenheiro de Dados,Accenture Brasil,"S√£o Paulo, S√£o Paulo, Brasil",H√≠brido,Engenheiro de Dados,0,0,0,1,1,1,0,0,0,0,0,0,0,0,0,0,Tempo integral
420,Analista de Dados & Growth,Pieta.tech,"Florian√≥polis, Santa Catarina, Brasil",H√≠brido,Analista de Dados,0,0,0,1,1,1,0,0,0,0,0,0,0,0,0,0,Tempo integral
421,Analista de Dados e Insights,Score Group Brasil,"S√£o Paulo, S√£o Paulo, Brasil",Remoto,Analista de Dados,1,0,0,0,0,0,0,0,0,0,0,0,1,0,1,0,Meio per√≠odo
422,Business Analytics SR,banco BV,"S√£o Paulo, S√£o Paulo, Brasil",H√≠brido,Analista BI,0,0,0,1,0,1,0,0,0,0,0,1,1,0,0,0,Tempo integral
423,Data Engineer - Personalization,Spotify,"S√£o Paulo, S√£o Paulo, Brasil",Presencial,Engenheiro de Dados,0,0,0,1,1,1,0,1,0,0,0,0,0,0,0,1,Tempo integral
424,Data Engineer | Python Developer,Reply,Brasil,Presencial,Engenheiro de Dados,1,0,0,0,1,1,0,0,0,0,0,0,0,0,0,1,Tempo integral
426,Analista de Web Analytics,Take Blip,Belo Horizonte e Regi√£o,H√≠brido,Analista de Dados,0,0,0,1,1,1,0,1,0,0,0,0,0,0,0,0,Contrato
428,Engenheiro Machine Learning,labsit,"S√£o Paulo, S√£o Paulo, Brasil",Presencial,Engenheiro de Dados,0,0,0,1,1,0,0,1,1,0,1,0,0,0,0,0,Tempo integral
429,Analista de Dados Pleno,Riachuelo,"S√£o Paulo, S√£o Paulo, Brasil",Remoto,Analista de Dados,1,0,0,0,1,1,0,0,0,0,0,0,1,0,0,1,Tempo integral
430,Pessoa Engenheira de Dados,Z1,Brasil,H√≠brido,Cientista de Dados,0,0,0,1,0,0,0,0,0,0,0,0,0,0,0,1,Meio per√≠odo
431,Top Funnel Analyst,Nielsen,"S√£o Paulo, S√£o Paulo, Brasil",Remoto,Analista de Dados,0,0,0,1,0,0,0,0,0,0,0,0,0,0,0,0,Tempo integral
433,ANALISTA DE INTELIGENCIA ESTAT√çSTICA PLENO (100% REMOTO),ClearSale,Brasil,Remoto,Analista de Dados,0,0,1,0,1,1,0,0,0,0,0,0,0,0,0,0,Tempo integral
434,Gerente de Dados BI,Dasa,"S√£o Paulo, S√£o Paulo, Brasil",Remoto,Cientista de Dados,0,0,0,1,0,0,0,0,0,0,0,0,0,0,0,0,Meio per√≠odo
435,Analista de Dados e Business Intelligence,Novare RH,"Curitiba, Paran√°, Brasil",Presencial,Analista BI,0,0,0,1,0,0,0,0,0,0,0,0,0,0,0,0,Tempo integral
436,Analista de Dados,Robert Half,"S√£o Bernardo do Campo, S√£o Paulo, Brasil",Remoto,Analista de Dados,1,0,0,0,1,1,1,0,0,0,0,0,0,0,0,0,Tempo integral
438,Remote Data Analyst/Engineer Jobs,Turing.com,Brasil,Remoto,Analista de Dados,0,1,0,0,1,1,0,0,0,0,0,0,0,0,0,0,Tempo integral
439,Analista VBA,GET ITalent,"S√£o Paulo, Brasil",Presencial,Analista de Dados,0,0,0,1,0,1,0,0,0,0,0,0,0,0,0,0,Tempo integral
440,Engenheiro de Dados - Business Intelligence,ALD Automotive Brasil,"S√£o Paulo, Brasil",Remoto,Analista BI,1,0,0,0,0,1,0,0,0,0,0,0,1,0,0,1,Tempo integral
442,Applied Data Scientist,dunnhumby,"S√£o Paulo, S√£o Paulo, Brasil",Remoto,Cientista de Dados,0,0,0,1,1,1,0,0,0,0,0,0,0,0,0,0,Tempo integral
443,An√°lise de BI | H√≠brido,Grupo Mult,"Belo Horizonte, Minas Gerais, Brasil",Remoto,Cientista de Dados,0,0,0,1,0,1,0,0,0,0,0,0,0,0,0,0,Tempo integral
445,Analista de Dados - Jr e Pl h√≠brido - S√£o Paulo,Atento Brasil,"S√£o Paulo, S√£o Paulo, Brasil",Remoto,Analista de Dados,1,0,0,0,0,1,0,0,0,0,0,0,1,0,0,0,Tempo integral
446,Cientista de Dados Pleno,Porto,"S√£o Paulo, S√£o Paulo, Brasil",Remoto,Cientista de Dados,1,0,0,0,1,0,0,0,0,0,0,0,0,0,0,0,Tempo integral
447,"Insights Analyst (Bangkok Based, relocation provided)",Agoda,"Belo Horizonte, Minas Gerais, Brasil",Presencial,Analista de Dados,1,0,0,0,1,1,0,1,0,0,0,1,1,0,0,0,Tempo integral
448,Data Scientist - Remote - Latin America,FullStack Labs,"S√£o Paulo, S√£o Paulo, Brasil",H√≠brido,Cientista de Dados,1,0,0,0,0,1,0,1,0,0,0,0,0,0,0,1,Meio per√≠odo
450,Machine Learning Engineer,Luizalabs,Brasil,Remoto,Engenheiro de Dados,0,0,0,1,1,0,0,0,0,0,0,0,0,0,0,1,Tempo integral
452,Banco de Talentos - Cientista de Dados,Dexco,"S√£o Paulo, S√£o Paulo, Brasil",Remoto,Cientista de Dados,0,0,1,0,1,1,1,0,0,0,0,1,0,0,0,1,Meio per√≠odo
453,Analista De Projetos Desenvolvedor - Cientista De Dados,C2C CLOSE TO CONSUMER BRASIL PROMOTORA DE VENDAS LTDA,"S√£o Paulo, S√£o Paulo, Brasil",Remoto,Analista de Dados,1,0,0,0,1,1,0,0,0,0,0,1,0,0,0,0,Tempo integral
454,212039 Business Intelligence Developer,IQVIA,"S√£o Paulo, S√£o Paulo, Brasil",Presencial,Analista BI,1,0,0,0,0,1,0,0,0,0,0,0,0,0,1,0,Tempo integral
459,Analista Business Intelligence Pleno (PCD),Base Consultoria,"S√£o Paulo, S√£o Paulo, Brasil",Remoto,Analista BI,1,0,0,0,0,1,0,0,0,0,0,1,1,0,0,0,Tempo integral
463,Analista de Dados - CRM,Hospital Israelita Albert Einstein,"S√£o Paulo, S√£o Paulo, Brasil",Presencial,Analista de Dados,0,0,0,1,0,1,0,0,0,0,0,0,0,0,0,0,Tempo integral
464,Analista de Sistemas de TI | Log√≠stica,Lojas Renner S.A.,"Cabre√∫va, S√£o Paulo, Brasil",Presencial,Analista de Dados,1,0,0,0,0,1,0,0,0,0,0,0,0,0,0,0,Tempo integral
465,Analista de Dados Pleno,"Opice Blum, Bruno e Vainzof Advogados Associados","S√£o Paulo, S√£o Paulo, Brasil",Presencial,Analista de Dados,0,0,0,1,1,1,0,0,0,0,0,0,1,0,0,0,Tempo integral
466,Data Technology Consultant,Microsoft,"Alagoas, Brasil",Remoto,Cientista de Dados,0,0,0,1,0,1,0,0,0,0,0,0,1,0,0,1,Tempo integral
467,System Test Analyst,hEDGEpoint Global Markets,"S√£o Paulo, S√£o Paulo, Brasil",H√≠brido,Analista de Dados,0,0,0,1,0,1,0,0,0,0,0,0,0,0,0,0,Tempo integral
469,Application Developer - Microsoft Analytics (Remoto),IBM,"Rio de Janeiro, Rio de Janeiro, Brasil",Remoto,Analista de Dados,0,0,0,1,0,1,0,0,0,0,0,0,1,0,0,1,Tempo integral
470,Analista de Dados Estat√≠sticos,Bomi Group,"Itapevi, S√£o Paulo, Brasil",Presencial,Analista de Dados,1,0,0,0,0,1,0,0,0,0,0,0,1,0,0,0,Tempo integral
471,Pessoa Cientista de Dados - CoE xTech,BIP Brasil,"S√£o Paulo, S√£o Paulo, Brasil",Remoto,Cientista de Dados,1,0,0,0,1,0,0,0,0,0,0,0,0,0,0,1,Tempo integral
472,"Business Analyst, Strategic Partnerships( Bangkok based)",Agoda,S√£o Paulo e Regi√£o,Remoto,Analista BI,1,0,0,0,1,1,0,1,0,0,0,1,1,0,0,0,Tempo integral
474,Staff Data Engineer - Messaging Platform,Spotify,"S√£o Paulo, S√£o Paulo, Brasil",Presencial,Engenheiro de Dados,0,0,0,1,1,0,0,1,0,0,0,0,0,0,0,0,Meio per√≠odo
475,Data Engineer - Online Job,Oowlish,"Salvador, Bahia, Brasil",Presencial,Engenheiro de Dados,0,0,1,0,0,1,0,0,0,0,0,0,0,0,0,0,Tempo integral
476,"Software Engineer, People with Disabilities",Google,"S√£o Paulo, S√£o Paulo, Brasil",Remoto,Engenheiro de Dados,0,0,1,0,1,0,0,1,0,0,0,0,0,0,0,0,Tempo integral
477,Pessoa Especialista Em Ci√™ncia De Dados (Area 1),GPTI,"Bras√≠lia, Distrito Federal, Brasil",Remoto,Cientista de Dados,0,0,0,1,0,0,0,0,0,0,0,0,0,0,0,0,Tempo integral
478,Analista de Dados Comercial,Escola Mais,S√£o Paulo e Regi√£o,H√≠brido,Analista de Dados,0,0,0,1,0,0,0,0,0,0,0,1,1,1,0,0,Tempo integral
479,Business Intelligence Developer,IQVIA,"S√£o Paulo, S√£o Paulo, Brasil",H√≠brido,Analista BI,1,0,0,0,0,1,0,0,0,0,0,0,0,0,1,0,Tempo integral
480,Business Analytics,XP Inc.,"S√£o Paulo, S√£o Paulo, Brasil",Remoto,Analista BI,0,0,0,1,1,1,0,0,0,0,0,1,1,0,0,0,Tempo integral
481,Data Engineer Intern,MBOCHIP,"Porto Alegre, Rio Grande do Sul, Brasil",Remoto,Engenheiro de Dados,0,0,0,1,0,0,0,0,0,0,0,0,0,0,0,0,Tempo integral
482,Pessoa Engenheira de Software | Big Data & AI,Globo,Brasil,Presencial,Cientista de Dados,1,0,0,0,1,1,1,1,0,0,1,0,0,0,0,1,Tempo integral
484,Analista Intelig√™ncia de Dados Pleno,Porto,"S√£o Paulo, S√£o Paulo, Brasil",Presencial,Analista de Dados,0,0,1,0,0,1,0,0,0,0,0,1,1,0,0,1,Tempo integral
485,Especialista Data Analysis Pleno a S√™nior,GeekHunter,"Rio de Janeiro, Rio de Janeiro, Brasil",H√≠brido,Cientista de Dados,1,0,0,0,0,1,0,0,0,0,0,0,0,0,0,0,Tempo integral
486,Trainee Recrutamento Tech,NEORIS,"S√£o Paulo, Brasil",H√≠brido,Cientista de Dados,0,0,0,1,0,0,0,0,0,0,0,0,0,0,0,0,Tempo integral
487,Analista de Dados Estrat√©gicos,Unimed-BH,"Belo Horizonte, Minas Gerais, Brasil",Presencial,Analista de Dados,0,0,1,0,0,0,0,0,0,0,0,0,1,0,0,0,Tempo integral
489,ANALISTA DE DADOS FLORESTAIS - COLHEITA,Gerdau,"Tr√™s Marias, Minas Gerais, Brasil",Presencial,Analista de Dados,1,0,0,0,0,0,0,0,0,0,0,0,1,0,1,0,Tempo integral
490,Analista de Governan√ßa de Dados,Ita√∫ Unibanco,"S√£o Paulo, Brasil",Remoto,Analista de Dados,0,0,0,1,1,1,0,0,0,0,0,0,0,0,0,1,Tempo integral
492,"Senior Business Analyst (Bangkok Based, relocation provided)",Agoda,"S√£o Paulo, S√£o Paulo, Brasil",H√≠brido,Analista BI,1,0,0,0,1,1,0,1,0,0,0,1,1,0,0,0,Tempo integral
493,Data Engineer - Online Job,Oowlish,"Bras√≠lia, Distrito Federal, Brasil",Presencial,Engenheiro de Dados,0,0,1,0,0,1,0,0,0,0,0,0,0,0,0,0,Tempo integral
494,Machine Learning Specialist,BEES Brasil,"Campinas, S√£o Paulo, Brasil",H√≠brido,Cientista de Dados,0,0,0,1,1,1,0,0,0,0,0,0,0,0,0,1,Tempo integral
495,ANALISTA DE DADOS,Thermomatic do Brasil,"S√£o Paulo, S√£o Paulo, Brasil",H√≠brido,Analista de Dados,1,0,0,0,0,1,0,0,0,0,0,0,1,0,0,0,Contrato
496,Business Analytics,Gipsyy,"S√£o Paulo, S√£o Paulo, Brasil",Remoto,Analista BI,0,0,0,1,1,1,0,0,0,0,0,0,1,0,0,0,Tempo integral
498,Engenheiro de Dados,EY,"S√£o Paulo, S√£o Paulo, Brasil",Presencial,Engenheiro de Dados,1,0,0,0,1,1,0,0,0,0,0,0,0,0,0,0,Meio per√≠odo
501,Analista de Sistemas | Arquiteto(a) de Dados,Deloitte,"S√£o Paulo, S√£o Paulo, Brasil",Remoto,Analista de Dados,0,0,1,0,0,0,0,0,0,0,0,0,0,0,0,1,Tempo integral
502,Web Analytics Engineer Jr,Descomplica,"Rio de Janeiro, Rio de Janeiro, Brasil",Presencial,Analista de Dados,0,0,1,0,0,0,0,1,0,0,0,0,0,0,0,0,Tempo integral
503,Analista De Governan√ßa De Dados,Iterative Inc.,"S√£o Paulo, S√£o Paulo, Brasil",H√≠brido,Analista de Dados,0,0,0,1,0,1,0,0,0,0,0,0,0,0,0,0,Tempo integral
505,Senior Data Analyst,Pipefy,Brasil,H√≠brido,Analista de Dados,1,0,0,0,1,1,0,0,0,0,0,0,0,0,0,1,Tempo integral
507,Remote Senior Data Scientist Jobs,Turing.com,Brasil,Presencial,Cientista de Dados,0,1,0,0,1,1,0,0,0,0,0,0,0,0,0,0,Tempo integral
509,Cientista de Dados Pleno,TGroup,"S√£o Paulo, S√£o Paulo, Brasil",H√≠brido,Cientista de Dados,1,0,0,0,1,1,0,0,0,0,0,0,0,0,0,1,Meio per√≠odo
510,Pessoa Analista de Governan√ßa de Dados (exclusiva para PCDs),UNICRED DO BRASIL,"Porto Alegre, Rio Grande do Sul, Brasil",H√≠brido,Analista de Dados,1,0,0,0,0,0,0,0,0,0,0,0,0,0,1,0,Tempo integral
517,Data Technology Consultant,Microsoft,"Mato Grosso do Sul, Brasil",Remoto,Cientista de Dados,0,0,0,1,0,1,0,0,0,0,0,0,1,0,0,1,Tempo integral
518,Data Engineer - Big Data (Remoto),IBM,"Rio de Janeiro, Rio de Janeiro, Brasil",Presencial,Engenheiro de Dados,0,0,0,1,1,1,0,0,0,0,0,0,0,0,0,1,Tempo integral
519,"Analytics Specialist (Bangkok Based, relocation provided)",Agoda,"Curitiba, Paran√°, Brasil",H√≠brido,Analista de Dados,1,0,0,0,1,1,0,1,0,0,0,1,1,0,0,0,Tempo integral
520,Cientista de dados,Entelgy Brasil,Brasil,Remoto,Cientista de Dados,0,0,0,1,1,0,0,0,0,0,0,0,0,0,0,0,Tempo integral
521,Analista de Dados Jur√≠dicos - KPIs,Nelson Wilians Advogados,"S√£o Paulo, S√£o Paulo, Brasil",Presencial,Analista de Dados,1,0,0,0,0,0,0,0,0,0,0,0,0,0,0,0,Tempo integral
523,Intern Data Consultant - Sao Paulo - October 2022,Artefact,"S√£o Paulo, S√£o Paulo, Brasil",Presencial,Cientista de Dados,0,0,0,1,0,0,0,0,0,0,0,0,0,0,0,0,Tempo integral
524,"Analista de BI - Uberl√¢ndia, MG",Sankhya Gest√£o de Neg√≥cios,"Uberl√¢ndia, Minas Gerais, Brasil",H√≠brido,Analista de Dados,0,0,1,0,0,0,0,0,0,0,0,0,0,0,0,0,Tempo integral
525,Programa Potenciais - Estagio,Stefanini Brasil,"S√£o Paulo, Brasil",Remoto,Cientista de Dados,1,0,0,0,0,0,0,0,0,0,0,0,0,0,0,0,Tempo integral
526,Engenheiro de dados,Optima PS2 Solutions,"Cotia, S√£o Paulo, Brasil",H√≠brido,Engenheiro de Dados,0,0,0,1,0,0,0,0,0,0,0,0,1,0,0,1,Tempo integral
527,Engenheiro de dados,Capitani Group,Brasil,Remoto,Engenheiro de Dados,0,0,0,1,0,0,0,0,0,0,0,0,0,0,0,0,Tempo integral
528,"Data Scientist - Supply Chain Innovation, Supply Chain & Integration",Amazon,"S√£o Paulo, S√£o Paulo, Brasil",Remoto,Cientista de Dados,0,0,0,1,0,0,0,0,0,0,0,0,0,0,0,0,Tempo integral
530,Analista de Dados Jr/Pl/Sr - Belo Horizonte e regi√£o - home office,Atento Brasil,Belo Horizonte e Regi√£o,Presencial,Analista de Dados,1,0,0,0,0,1,0,0,0,0,0,0,1,0,0,0,Tempo integral
534,Customer Experience | Data Analyst,Hurb,"Rio de Janeiro, Rio de Janeiro, Brasil",Presencial,Analista de Dados,1,0,0,0,1,1,0,1,0,0,0,0,0,0,0,0,Tempo integral
535,Mid-Level Data Analyst | Trainiac,Gympass,"S√£o Paulo, S√£o Paulo, Brasil",H√≠brido,Analista de Dados,0,0,0,1,0,1,0,0,0,0,0,1,1,0,0,0,Tempo integral
537,BUSINESS ANALYST,Kavak.com,"S√£o Paulo, S√£o Paulo, Brasil",H√≠brido,Analista BI,1,0,0,0,1,1,0,0,0,0,0,1,1,0,1,0,Contrato
538,Remote Data Analyst Jobs,Turing.com,Brasil,Remoto,Analista de Dados,0,1,0,0,1,1,0,0,0,0,0,0,0,0,0,0,Tempo integral
539,2023 Bloomberg Trainee Program - Analytics & Sales - January Class,Bloomberg LP,"S√£o Paulo, S√£o Paulo, Brasil",Remoto,Analista de Dados,1,0,0,0,0,0,0,0,0,0,0,0,0,0,0,0,Tempo integral
542,Python Development Analyst,Tata Consultancy Services,Brasil,Presencial,Analista de Dados,0,0,0,1,1,0,0,0,0,0,0,0,0,0,0,1,Tempo integral
545,BI TI Desenvolvedor Programador - Escritrio De Contabilidade,Moresco Contabilidade,"Porto Alegre, Rio Grande do Sul, Brasil",Remoto,Cientista de Dados,0,0,0,1,1,1,0,0,0,0,0,0,1,0,1,0,Tempo integral
546,Banco de Talentos - Cientista de Dados,Plannera,"Rio de Janeiro, Rio de Janeiro, Brasil",Remoto,Cientista de Dados,1,0,0,0,1,0,0,0,0,0,0,0,0,0,0,0,Tempo integral
547,Associate Data Analyst- Customer Experience Group | Bangkok-based,Agoda,"Manaus, Amazonas, Brasil",H√≠brido,Analista de Dados,1,0,0,0,1,1,0,1,0,0,0,1,1,0,0,0,Tempo integral
549,"RGM Sr. Analyst, LAC",Bacardi,"S√£o Paulo, Brasil",Remoto,Analista de Dados,0,0,0,1,0,0,0,0,0,0,0,1,1,0,0,0,Tempo integral
550,Data Technology Consultant,Microsoft,"Acre, Brasil",H√≠brido,Cientista de Dados,0,0,0,1,0,1,0,0,0,0,0,0,1,0,0,1,Tempo integral
551,Data Scientist (Remoto),IBM,"Rio de Janeiro, Rio de Janeiro, Brasil",Remoto,Cientista de Dados,0,0,0,1,0,0,0,0,0,0,0,0,0,0,0,1,Tempo integral
552,Engenheiro de Dados,Grupo Habib's,"Barueri, S√£o Paulo, Brasil",Remoto,Engenheiro de Dados,0,0,0,1,1,1,0,1,0,0,0,0,0,0,0,1,Tempo integral
553,Data Analyst,Artefact,"S√£o Paulo, S√£o Paulo, Brasil",Remoto,Analista de Dados,0,0,0,1,0,0,0,0,0,0,0,1,1,0,0,0,Tempo integral
554,Engenharia de Dados,Ita√∫ Unibanco,"S√£o Paulo, Brasil",Remoto,Engenheiro de Dados,0,0,0,1,1,1,0,1,0,0,0,0,0,0,0,1,Tempo integral
555,Analista de BI,AKA Tecnologia,"S√£o Paulo, S√£o Paulo, Brasil",Remoto,Analista de Dados,1,0,0,0,0,1,0,0,0,0,0,0,1,0,0,0,Contrato
556,Engenheiro de Dados Sr.,PagBank PagSeguro,S√£o Paulo e Regi√£o,Presencial,Engenheiro de Dados,0,0,0,1,1,1,0,0,0,0,0,0,1,0,0,1,Tempo integral
557,Antifraud Analyst,99,"S√£o Paulo, S√£o Paulo, Brasil",Presencial,Analista de Dados,0,0,0,1,0,0,0,0,0,0,0,0,0,0,0,0,Tempo integral
559,Remote Data Scientist Jobs,Turing.com,"Montenegro, Rio Grande do Sul, Brasil",Remoto,Cientista de Dados,0,1,0,0,1,1,0,0,0,0,0,0,0,0,0,0,Tempo integral
560,Data Engineer,Trademaster,"S√£o Paulo, S√£o Paulo, Brasil",Remoto,Engenheiro de Dados,0,0,0,1,1,1,0,1,0,0,0,0,0,0,0,0,Tempo integral
562,Data Analytics Specialist Mid-Level,CI&T,Brasil,H√≠brido,Analista de Dados,0,0,0,1,1,0,0,1,0,0,0,0,0,0,0,0,Tempo integral
564,Data Acquisition Advisor,TransUnion,"S√£o Paulo, S√£o Paulo, Brasil",H√≠brido,Cientista de Dados,1,0,0,0,1,1,0,1,0,0,0,0,0,0,0,0,Tempo integral
565,Engenheiro de Dados Sr,Stefanini Brasil,Brasil,Remoto,Engenheiro de Dados,0,0,0,1,1,1,0,1,0,0,0,0,1,0,0,1,Tempo integral
566,"Associate, Data Insights and Forensics",Kroll,"S√£o Paulo, S√£o Paulo, Brasil",Presencial,Cientista de Dados,0,1,0,0,1,1,0,0,0,0,0,1,1,0,1,1,Tempo integral
567,Data Platform Engineer,XP Inc.,"S√£o Paulo, S√£o Paulo, Brasil",H√≠brido,Engenheiro de Dados,0,0,0,1,1,0,0,1,0,0,0,0,0,0,0,1,Tempo integral
569,Data Technology Consultant,Microsoft,"Santa Catarina, Brasil",Remoto,Cientista de Dados,0,0,0,1,0,1,0,0,0,0,0,0,1,0,0,1,Meio per√≠odo
570,Data Scientist Specialist,Samsung Brasil,"Campinas, S√£o Paulo, Brasil",H√≠brido,Cientista de Dados,0,0,1,0,1,1,1,1,0,0,0,0,0,0,0,0,Tempo integral
571,[GH] ANALISTA DE BI PL - REMOTO - #41954,iBlue Consulting,"S√£o Paulo, S√£o Paulo, Brasil",Remoto,Analista de Dados,1,0,0,0,1,1,0,0,0,0,0,0,1,0,0,1,Tempo integral
572,Engenheiro de Dados Pleno (GCP),banco BV,"S√£o Paulo, S√£o Paulo, Brasil",Remoto,Engenheiro de Dados,0,0,0,1,0,1,0,1,0,0,0,0,0,0,0,1,Tempo integral
573,Data Analytics Specialist Senior,CI&T,Brasil,H√≠brido,Analista de Dados,0,0,0,1,1,0,0,1,0,0,0,0,0,0,0,0,Tempo integral
575,"Senior Associate, Insights Data Science",Bain & Company,"Rio de Janeiro, Rio de Janeiro, Brasil",H√≠brido,Cientista de Dados,0,0,0,1,1,1,0,0,0,0,0,0,0,0,0,0,Tempo integral
576,Engenharia de Dados,Ita√∫ Unibanco,"S√£o Paulo, Brasil",Presencial,Engenheiro de Dados,0,0,0,1,1,0,0,0,0,0,0,0,0,0,0,1,Tempo integral
577,Data Analytics,e-frete,"Itaja√≠, Santa Catarina, Brasil",Presencial,Analista de Dados,1,0,0,0,0,1,0,0,0,0,0,0,0,0,0,0,Tempo integral
578,Analistas e Consultores de Telecomunica√ß√µes,Accenture Brasil,"S√£o Paulo, S√£o Paulo, Brasil",Remoto,Analista de Dados,0,0,1,0,0,0,0,0,0,0,0,0,0,0,0,0,Tempo integral
579,"Analytics Specialist (Bangkok Based, relocation provided)",Agoda,"Salvador, Bahia, Brasil",Remoto,Analista de Dados,1,0,0,0,1,1,0,1,0,0,0,1,1,0,0,0,Tempo integral
580,Business Intelligence & Core Data Coordinator,IQVIA,"S√£o Paulo, S√£o Paulo, Brasil",H√≠brido,Analista BI,0,0,0,1,0,1,0,0,0,0,0,0,0,0,1,0,Tempo integral
581,Engenheiro de Dados,Qintess,Brasil,Remoto,Engenheiro de Dados,0,0,1,0,1,1,0,0,0,0,0,0,1,0,0,0,Tempo integral
582,Finance Data Analyst,Shopee,"S√£o Paulo, S√£o Paulo, Brasil",Remoto,Analista de Dados,0,0,0,1,1,1,0,0,0,0,0,0,1,0,0,0,Tempo integral
583,Engenheiro Trainee,Level Group BR,"Barueri, S√£o Paulo, Brasil",Remoto,Engenheiro de Dados,1,0,0,0,0,0,0,0,0,0,0,0,0,0,0,0,Tempo integral
584,Engenheiro de dados Big Data,Yssy & Co.,"Barueri, S√£o Paulo, Brasil",Presencial,Engenheiro de Dados,0,0,0,1,1,1,0,1,0,0,0,0,0,0,0,0,Tempo integral
585,Engenheiro de dados,Assurance IT,"S√£o Paulo, Brasil",H√≠brido,Engenheiro de Dados,0,0,0,1,0,1,1,0,0,0,0,0,0,0,0,1,Tempo integral
586,Intern Data Engineer - Sao Paulo - October 2022,Artefact,"S√£o Paulo, S√£o Paulo, Brasil",Remoto,Engenheiro de Dados,0,1,0,0,1,0,0,1,0,0,0,0,0,0,0,1,Tempo integral
587,Analista de Governan√ßa de Dados Jr,Genial Investimentos,"S√£o Paulo, S√£o Paulo, Brasil",Remoto,Analista de Dados,0,0,0,1,0,0,0,0,0,0,0,0,1,0,0,0,Tempo integral
590,Data Technology Consultant,Microsoft,"Minas Gerais, Brasil",H√≠brido,Cientista de Dados,0,0,0,1,0,1,0,0,0,0,0,0,1,0,0,1,Tempo integral
592,Data Engineer,Corteva Agriscience,"S√£o Paulo, S√£o Paulo, Brasil",Presencial,Engenheiro de Dados,1,0,0,0,0,1,0,0,0,0,0,0,0,0,0,1,Tempo integral
593,Analista e Consultor (a) de Web Analytics,Accenture Brasil,"S√£o Paulo, S√£o Paulo, Brasil",H√≠brido,Analista de Dados,0,0,0,1,0,1,0,1,0,0,0,0,1,0,0,0,Tempo integral
594,"Analytics Specialist (Bangkok Based, relocation provided)",Agoda,Bel√©m e Regi√£o,Remoto,Analista de Dados,1,0,0,0,1,1,0,1,0,0,0,1,1,0,0,0,Tempo integral
596,Analista de Data Analytics Pl / Cientista de Dados Pl,CPFL Energia,"Campinas, S√£o Paulo, Brasil",Remoto,Analista de Dados,0,0,1,0,1,1,0,0,0,0,0,0,0,0,0,0,Tempo integral
597,Staff Data Engineer,XP Inc.,"S√£o Paulo, S√£o Paulo, Brasil",Remoto,Engenheiro de Dados,0,0,0,1,0,1,0,0,0,0,0,0,0,0,0,0,Tempo integral
599,Business Analyst (Return and Refund),Shopee,"S√£o Paulo, S√£o Paulo, Brasil",Remoto,Analista BI,0,0,0,1,1,1,0,0,0,0,0,0,0,0,0,0,Tempo integral
601,Analista de Dados - Exclusivo para Profissionais com Defici√™ncia,Ita√∫ Unibanco,Brasil,Remoto,Analista de Dados,0,0,0,1,1,0,0,0,0,0,0,1,0,0,0,0,Tempo integral
603,Data Engineer - Big Data (Remoto),IBM,"Rio de Janeiro, Rio de Janeiro, Brasil",H√≠brido,Engenheiro de Dados,0,0,0,1,0,1,0,0,0,0,0,0,0,0,0,1,Tempo integral
609,Business Analyst,McKinsey & Company,"S√£o Paulo, S√£o Paulo, Brasil",Presencial,Analista BI,0,1,0,0,0,0,0,0,0,0,0,0,0,0,0,0,Tempo integral
610,Data Strategist [Remote],Braintrust,S√£o Paulo e Regi√£o,Remoto,Cientista de Dados,0,1,0,0,0,0,0,0,0,0,0,0,1,0,0,0,Tempo integral
616,"Senior Analyst (Bangkok Based, relocation provided)",Agoda,S√£o Paulo e Regi√£o,H√≠brido,Analista de Dados,1,0,0,0,1,1,0,1,0,0,0,1,1,0,0,0,Tempo integral
617,Data Technology Consultant,Microsoft,"Mato Grosso, Brasil",Remoto,Cientista de Dados,0,0,0,1,0,1,0,0,0,0,0,0,1,0,0,1,Tempo integral
619,Remote Data Scientist Jobs,Turing.com,"Montenegro, Rio Grande do Sul, Brasil",Remoto,Cientista de Dados,0,1,0,0,1,1,0,0,0,0,0,0,0,0,0,1,Tempo integral
623,Data Engineer - Online Job,Oowlish,"Rio de Janeiro, Brasil",Remoto,Engenheiro de Dados,0,0,0,1,0,0,0,0,0,0,0,0,0,0,0,0,Tempo integral
626,CIENTISTA DE DADOS PLENO,Geofusion,"S√£o Paulo, S√£o Paulo, Brasil",H√≠brido,Cientista de Dados,0,0,1,0,1,1,0,0,0,0,1,0,0,0,0,1,Tempo integral
627,Consultor de Dados,Mind Lab,"S√£o Paulo, S√£o Paulo, Brasil",H√≠brido,Cientista de Dados,0,0,0,1,1,0,0,0,0,0,0,0,0,0,0,0,Tempo integral
628,Coordenador Marketing BI,Coca-Cola FEMSA,"S√£o Paulo, S√£o Paulo, Brasil",Remoto,Cientista de Dados,1,0,0,0,0,1,0,0,0,0,0,0,1,0,1,0,Tempo integral
629,AI Researcher Specialist,Samsung Brasil,"Campinas, S√£o Paulo, Brasil",Remoto,Cientista de Dados,0,0,1,0,1,0,0,0,0,0,0,0,0,0,0,0,Tempo integral
630,Business Analyst,Customer Intelligence Inc.,"S√£o Paulo, S√£o Paulo, Brasil",Remoto,Analista BI,0,0,0,1,0,0,0,0,0,0,0,0,0,0,1,0,Tempo integral
633,Engenheiro de Dados Hadoop - Remoto,Capgemini,"S√£o Paulo, S√£o Paulo, Brasil",H√≠brido,Engenheiro de Dados,0,0,0,1,1,1,1,0,0,0,0,0,0,0,0,0,Tempo integral
634,ANALISTA DE DADOS PL,Platos Educa√ß√£o,"S√£o Paulo, S√£o Paulo, Brasil",H√≠brido,Analista de Dados,0,0,1,0,1,0,0,0,0,0,0,0,1,0,0,0,Tempo integral
635,Cientista de Dados S√™nior | DialogFlow,C6 Bank,"S√£o Paulo, S√£o Paulo, Brasil",H√≠brido,Cientista de Dados,0,0,0,1,1,1,0,0,0,0,0,0,0,0,0,1,Tempo integral
636,Analista Power BI S√™nior,Softtek,Brasil,Remoto,Analista de Dados,0,0,0,1,0,0,0,0,0,0,0,0,1,0,0,0,Tempo integral
637,Remote Junior Machine Learning Engineer Jobs,Turing.com,Brasil,Remoto,Engenheiro de Dados,0,1,0,0,1,0,0,0,0,0,0,0,0,0,0,0,Contrato
638,Engenheiro de Dados Jr.,Armac,"Barueri, S√£o Paulo, Brasil",H√≠brido,Engenheiro de Dados,0,0,0,1,1,1,0,0,0,0,0,0,0,0,0,1,Tempo integral
639,Remote Data Scientist Jobs,Turing.com,"Montenegro, Rio Grande do Sul, Brasil",Remoto,Cientista de Dados,0,1,0,0,1,0,0,0,0,0,0,0,0,0,0,0,Tempo integral
641,Associate Data Analyst- Customer Experience Group | Bangkok-based,Agoda,"Fortaleza, Cear√°, Brasil",Remoto,Analista de Dados,1,0,0,0,1,1,0,1,0,0,0,1,1,0,0,0,Tempo integral
642,Data Technology Consultant,Microsoft,"Paran√°, Brasil",Presencial,Cientista de Dados,0,0,0,1,0,1,0,0,0,0,0,0,1,0,0,1,Tempo integral
644,Remote Data Scientist Jobs,Turing.com,"Montenegro, Rio Grande do Sul, Brasil",Presencial,Cientista de Dados,0,1,0,0,1,1,1,1,0,0,0,0,0,0,0,1,Tempo integral
645,Engenheiro de dados,UDS Tecnologia,"S√£o Paulo, S√£o Paulo, Brasil",H√≠brido,Engenheiro de Dados,1,0,0,0,0,0,0,0,0,0,0,0,0,0,0,0,Tempo integral
646,Vagas Remotas de Engenheiro de Machine Learning,Turing.com,Brasil,Remoto,Engenheiro de Dados,0,1,0,0,1,0,0,0,0,0,0,0,0,0,0,1,Tempo integral
647,Data Analytics Engineer III,Dock,Brasil,Remoto,Analista de Dados,0,0,0,1,1,1,0,0,0,0,0,0,1,0,0,0,Tempo integral
648,Data Engineer (Remote position),Luxoft,Brasil,Presencial,Engenheiro de Dados,0,0,0,1,1,0,0,1,0,0,0,0,0,0,0,0,Tempo integral
650,Business Analyst (Pharma/ Healthcare Segment),Tata Consultancy Services,Brasil,H√≠brido,Analista BI,0,0,0,1,0,0,0,0,0,0,0,0,0,0,0,0,Tempo integral
651,Especialista Ci√™ncia Dados,Ra√≠zen,"S√£o Paulo, S√£o Paulo, Brasil",Remoto,Cientista de Dados,1,0,0,0,1,1,0,0,0,0,0,0,0,0,0,0,Meio per√≠odo
652,Analista de Dados (BI) - Bras√≠lia/DF,J&T Express Brasil,"Bras√≠lia, Distrito Federal, Brasil",Presencial,Analista de Dados,1,0,0,0,0,0,0,0,0,0,0,0,1,0,1,0,Tempo integral
654,Business Analyst - ADM (Remoto),IBM,"Rio de Janeiro, Rio de Janeiro, Brasil",Presencial,Analista BI,0,0,0,1,0,0,0,0,0,0,0,0,0,0,0,1,Tempo integral
655,Est√°gio em Dados,Gringo,"S√£o Paulo, Brasil",H√≠brido,Cientista de Dados,0,0,0,1,0,0,0,0,0,0,0,0,0,0,0,0,Tempo integral
656,ANALISTA DE DADOS BI SR (TABLEAU) ‚Äì 21325,Bosch Brasil,"Campinas, S√£o Paulo, Brasil",Remoto,Analista de Dados,1,0,0,0,0,1,0,0,0,0,0,1,0,0,0,1,Tempo integral
657,Analista de Dados Sr,Atento Brasil,"S√£o Paulo, S√£o Paulo, Brasil",Presencial,Analista de Dados,1,0,0,0,0,1,0,0,0,0,0,0,1,0,0,0,Tempo integral
658,Data Specialist (contrato por prazo determinado),Yara International,"S√£o Paulo, S√£o Paulo, Brasil",Presencial,Cientista de Dados,0,0,0,1,1,1,0,0,0,0,0,0,1,0,0,1,Tempo integral
659,Analista Customer Science Pl,banco BV,"S√£o Paulo, S√£o Paulo, Brasil",H√≠brido,Analista de Dados,0,0,1,0,1,1,0,0,0,0,0,0,0,0,0,1,Tempo integral
660,Cientista de dados,Natura,"S√£o Paulo, Brasil",Remoto,Cientista de Dados,0,0,0,1,1,1,0,0,0,0,0,0,0,0,0,0,Tempo integral
661,LiveOps Data Science - QuantumBlack Labs,"QuantumBlack, AI by McKinsey","S√£o Paulo, S√£o Paulo, Brasil",Remoto,Cientista de Dados,0,0,0,1,1,1,0,0,0,0,0,0,0,0,0,1,Tempo integral
662,"Data Analyst, Trilogy (Remote) - $60,000/year USD",Crossover for Work,"Campinas, S√£o Paulo, Brasil",Presencial,Analista de Dados,0,0,0,1,0,0,0,0,0,0,0,0,0,0,0,0,Tempo integral
663,Engenheiro de Dados Big Data Python,Keyrus Brasil,S√£o Paulo e Regi√£o,Remoto,Engenheiro de Dados,0,0,0,1,1,1,0,0,0,0,0,0,0,0,0,1,Tempo integral
664,Data Engineer,Adventures,"S√£o Paulo, S√£o Paulo, Brasil",Remoto,Engenheiro de Dados,0,0,0,1,1,1,0,0,0,0,0,0,0,0,0,0,Tempo integral
665,Data Engineer,Amaris Consulting,Campinas e Regi√£o,Presencial,Engenheiro de Dados,1,0,0,0,1,0,0,0,0,0,0,0,0,0,0,1,Tempo integral
666,Data Engineer - Remote - Latin America,FullStack Labs,Brasil,Remoto,Engenheiro de Dados,1,0,0,0,0,1,0,1,0,0,0,0,0,0,0,1,Tempo integral
667,"Analyst (Bangkok Based, relocation provided)",Agoda,"Manaus, Amazonas, Brasil",H√≠brido,Analista de Dados,1,0,0,0,1,1,0,1,0,0,0,1,1,0,0,0,Tempo integral
669,Data Analytics - Marketing,Hindiana,Brasil,H√≠brido,Analista de Dados,1,0,0,0,0,1,0,0,0,0,0,1,1,0,0,0,Tempo integral
670,Engenheiro de dados,We Hunt,S√£o Paulo e Regi√£o,H√≠brido,Engenheiro de Dados,0,0,0,1,1,0,0,1,0,0,0,0,0,0,0,1,Tempo integral
671,Data Technology Consultant,Microsoft,"Rio Grande, Rio Grande do Sul, Brasil",Remoto,Cientista de Dados,0,0,0,1,0,1,0,0,0,0,0,0,1,0,0,1,Tempo integral
673,Specialist Data Engineer,Pipefy,Brasil,Remoto,Engenheiro de Dados,0,0,0,1,1,1,0,1,0,0,0,0,0,0,0,1,Tempo integral
674,Kotlin Mobile Developer - Analyst and Consultant,Accenture Brasil,"S√£o Paulo, S√£o Paulo, Brasil",H√≠brido,Analista de Dados,0,0,0,1,0,0,0,0,0,0,0,0,0,0,0,0,Tempo integral
675,Company Financials & Earnings Estimates Analyst,Bloomberg LP,"S√£o Paulo, S√£o Paulo, Brasil",H√≠brido,Analista de Dados,1,0,0,0,1,1,0,0,0,1,0,0,0,0,0,0,Tempo integral
677,Sr. Data Analyst (Data Scientist) LATAM,Thermo Fisher Scientific,"S√£o Paulo, S√£o Paulo, Brasil",H√≠brido,Analista de Dados,0,1,0,0,1,1,0,0,0,0,0,0,1,0,1,0,Tempo integral
679,Big Data Engineer,WhyLabs,"S√£o Paulo, S√£o Paulo, Brasil",Remoto,Engenheiro de Dados,1,0,0,0,0,1,1,0,0,0,0,0,0,0,0,1,Tempo integral
681,Cientista de Dados,Portal Telemedicina,Brasil,Remoto,Cientista de Dados,0,0,0,1,1,1,0,0,0,0,1,0,0,0,0,0,Tempo integral
682,Senior Data Scientist ‚Äì Core Infrastructure,Spotify,"S√£o Paulo, S√£o Paulo, Brasil",Remoto,Cientista de Dados,0,0,0,1,1,1,0,1,0,0,0,1,0,0,0,0,Tempo integral
683,Software Engineer (AI),Gupy,"S√£o Paulo, S√£o Paulo, Brasil",H√≠brido,Engenheiro de Dados,0,0,0,1,0,0,0,0,0,0,1,0,0,0,0,1,Tempo integral
686,Data Specialist (temporary),Yara International,Brasil,Presencial,Cientista de Dados,0,0,0,1,1,1,0,0,0,0,0,0,1,0,0,1,Tempo integral
688,Data Analyst,Saint Paul Escola de Neg√≥cios,"S√£o Paulo, S√£o Paulo, Brasil",Remoto,Analista de Dados,1,0,0,0,0,0,0,0,0,0,0,0,1,0,0,0,Tempo integral
689,Analista de dados s√™nior,Uze,"S√£o Paulo, S√£o Paulo, Brasil",Presencial,Analista de Dados,1,0,0,0,1,1,0,0,0,0,0,0,0,0,0,0,Tempo integral
690,"Analyst or Senior Analyst- Customer Marketing (Bangkok Based, relocation provided)",Agoda,S√£o Paulo e Regi√£o,Presencial,Analista de Dados,0,1,0,0,1,1,0,1,0,0,0,1,1,0,0,0,Tempo integral
691,Data Technology Consultant,Microsoft,"Bel√©m, Par√°, Brasil",H√≠brido,Cientista de Dados,0,0,0,1,0,1,0,0,0,0,0,0,1,0,0,1,Tempo integral
692,Business Analytics S√™nior,banQi,"S√£o Paulo, S√£o Paulo, Brasil",Remoto,Analista BI,0,0,0,1,0,1,0,0,0,0,0,0,1,0,0,0,Tempo integral
693,Coordenador de Banco de Dados,PagBank PagSeguro,S√£o Paulo e Regi√£o,Presencial,Cientista de Dados,1,0,0,0,0,1,1,0,0,0,0,0,0,0,0,0,Tempo integral
694,Analista De Dados Crm,Grupo Selecionar,"Jo√£o Pessoa, Para√≠ba, Brasil",Remoto,Analista de Dados,0,0,0,1,0,1,0,0,0,0,0,1,1,0,0,0,Tempo integral
695,Analista de Dados | Plataforma Log√≠stica,Lojas Renner S.A.,Porto Alegre e Regi√£o,Remoto,Analista de Dados,1,0,0,0,1,1,0,0,0,0,0,0,0,0,0,0,Meio per√≠odo
697,Especialista em Ci√™ncia de dados | Data Analytics,americanas s.a.,Brasil,Remoto,Analista de Dados,1,0,0,0,0,0,0,0,0,0,0,0,0,0,0,0,Tempo integral
698,Data Translator Specialist,Creditas,"S√£o Paulo, S√£o Paulo, Brasil",Remoto,Cientista de Dados,0,0,0,1,0,0,0,0,0,0,0,0,0,0,0,0,Contrato
699,"Product Data Scientist, Spotify Advertising",Spotify,Brasil,H√≠brido,Cientista de Dados,0,0,0,1,1,1,0,0,0,0,0,1,0,0,0,0,Meio per√≠odo
700,Data Engineer Mid Level,CI&T,Brasil,Presencial,Engenheiro de Dados,0,0,0,1,1,1,0,0,0,0,0,0,1,0,0,1,Meio per√≠odo
701,Remote Data Analyst / Scientist Jobs,Turing.com,Brasil,Remoto,Analista de Dados,0,1,0,0,0,0,0,0,0,0,0,0,0,0,0,0,Tempo integral
702,Especialista de Dados,Bullla - De gente pra gente,"S√£o Paulo, S√£o Paulo, Brasil",Remoto,Cientista de Dados,1,0,0,0,1,1,0,0,0,0,0,0,1,0,0,0,Tempo integral
703,Data Architect (100% Remote),Rain,Brasil,Remoto,Cientista de Dados,1,0,0,0,1,1,0,1,0,0,0,0,0,0,0,0,Meio per√≠odo
704,Cientista de Dados Pleno,√Çnima Educa√ß√£o,Brasil,Presencial,Cientista de Dados,0,0,0,1,1,1,0,0,0,0,1,0,0,0,0,1,Tempo integral
705,Data Engineer,Tata Consultancy Services,"S√£o Paulo, Brasil",Remoto,Engenheiro de Dados,0,0,0,1,0,1,0,0,0,0,0,0,0,0,0,1,Tempo integral
708,Engenheiro de Dados,CantuPneus,"Itajai, Roraima, Brasil",Presencial,Engenheiro de Dados,0,0,0,1,0,0,0,0,0,0,0,0,0,0,0,0,Tempo integral
709,Analista de Dados,3Neuron,"Florian√≥polis, Santa Catarina, Brasil",Presencial,Analista de Dados,0,0,0,1,0,1,0,1,0,0,0,0,1,0,0,1,Tempo integral
710,Analista de Dados,ORGANNACT,"Curitiba, Paran√°, Brasil",Remoto,Analista de Dados,1,0,0,0,0,0,0,0,0,0,0,0,1,0,0,0,Tempo integral
711,Analista de Dados Pleno,Marketdata,"S√£o Paulo, S√£o Paulo, Brasil",Remoto,Analista de Dados,0,0,0,1,0,1,0,0,0,0,0,0,0,0,0,0,Tempo integral
712,Data Engineer,TerraMagna,"S√£o Jos√© dos Campos, S√£o Paulo, Brasil",Presencial,Engenheiro de Dados,0,0,0,1,1,1,0,0,0,0,0,0,0,0,0,1,Tempo integral
713,Pessoa Engenheira de Machine Learning - Pleno/S√™nior,Quanto,"S√£o Paulo, S√£o Paulo, Brasil",Remoto,Cientista de Dados,0,0,0,1,0,0,0,0,0,0,0,0,0,0,0,0,Tempo integral
714,Analista de Produtos J√∫nior,Zurich Santander Insurance America,"S√£o Paulo, S√£o Paulo, Brasil",Presencial,Analista de Dados,1,0,0,0,0,0,0,0,0,0,0,0,0,0,0,0,Tempo integral
715,Data Technology Consultant,Microsoft,"Piau√≠, Brasil",H√≠brido,Cientista de Dados,0,0,0,1,0,1,0,0,0,0,0,0,1,0,0,1,Tempo integral
716,"Analyst / Specialist (Bangkok Based, relocation provided)",Agoda,Bel√©m e Regi√£o,Presencial,Analista de Dados,1,0,0,0,1,1,0,1,0,0,0,1,1,0,0,0,Tempo integral
717,Data Consultant - Sao Paulo - October 2022,Artefact,"S√£o Paulo, S√£o Paulo, Brasil",Presencial,Cientista de Dados,0,0,0,1,0,0,0,0,0,0,0,0,0,0,0,0,Tempo integral
720,Analista de Dados/ Cr√©dito,UNICRED CENTRAL MULTIRREGIONAL,"Belo Horizonte, Minas Gerais, Brasil",Remoto,Analista de Dados,1,0,0,0,0,0,0,0,0,0,0,0,0,0,0,0,Tempo integral
721,Business Analyst,OpenText,"S√£o Paulo, S√£o Paulo, Brasil",Presencial,Analista BI,1,0,0,0,0,0,0,0,0,0,0,0,0,0,0,1,Tempo integral
722,Analista Cloud DBA S√™nior,Pravaler,"S√£o Paulo, S√£o Paulo, Brasil",Remoto,Analista de Dados,1,0,0,0,0,1,0,0,0,0,0,0,0,0,0,1,Tempo integral
723,Analista de Auditoria JR/PL - Dados,Linx,Brasil,Remoto,Analista de Dados,0,0,0,1,1,1,0,0,0,0,0,0,0,0,1,1,Tempo integral
724,"Data Scientist, Spotify For Artists",Spotify,Brasil,Presencial,Cientista de Dados,0,0,0,1,1,1,0,0,0,0,0,0,0,0,0,0,Tempo integral
726,Data Engineer - QuantumBlack,"QuantumBlack, AI by McKinsey","S√£o Paulo, S√£o Paulo, Brasil",Presencial,Engenheiro de Dados,0,0,1,0,1,1,0,1,0,0,0,0,0,0,0,0,Tempo integral
727,Engenheiro de dados,3CON Consultoria e Sistemas,"S√£o Paulo, Brasil",Remoto,Engenheiro de Dados,0,0,0,1,1,0,0,0,0,0,0,0,0,0,0,1,Tempo integral
728,Vagas Remotas de Analista de Dados,Turing.com,Am√©rica Latina,H√≠brido,Analista de Dados,0,1,0,0,1,0,0,0,0,0,0,1,0,0,0,0,Tempo integral
729,Mid-Level Data Analyst | Trainiac,Gympass,Brasil,Remoto,Analista de Dados,0,0,0,1,0,1,0,0,0,0,0,1,1,0,0,0,Tempo integral
731,Consultor(a) SAP BW Analytics (Remoto),IBM,"S√£o Paulo, S√£o Paulo, Brasil",Presencial,Analista de Dados,1,0,0,0,0,0,0,0,0,0,0,0,0,0,1,1,Contrato
732,Analista Junior,Jobcenter do Brasil Ltda.,"Barueri, S√£o Paulo, Brasil",Remoto,Analista de Dados,1,0,0,0,0,0,0,0,0,0,0,0,1,0,1,0,Tempo integral
733,Data Engineer,PANTHEON INC. BRASIL,"S√£o Paulo, S√£o Paulo, Brasil",Remoto,Engenheiro de Dados,0,0,0,1,1,1,0,0,0,0,0,0,1,0,0,1,Tempo integral
735,Afirmativa para Mulheres | Business Analytics,XP Inc.,Brasil,Remoto,Analista BI,0,0,0,1,0,1,0,0,0,0,0,1,1,0,0,0,Tempo integral
736,Remote Data Scientist Jobs,Turing.com,"Montenegro, Rio Grande do Sul, Brasil",H√≠brido,Cientista de Dados,0,1,0,0,1,1,1,1,0,1,1,0,0,0,0,1,Tempo integral
737,Remote Data Scientist Jobs,Turing.com,Brasil,Remoto,Cientista de Dados,0,1,0,0,1,1,0,0,0,1,0,0,0,0,0,0,Tempo integral
738,Cientista de Dados,Engesoftware,"Bras√≠lia, Distrito Federal, Brasil",Remoto,Cientista de Dados,0,0,0,1,0,0,0,0,0,0,0,0,0,0,0,0,Contrato
739,Analista de Dados,√Ägora Marketing e Pesquisa,"Araruama, Rio de Janeiro, Brasil",Remoto,Analista de Dados,0,0,0,1,0,0,0,0,0,0,0,0,0,0,1,0,Tempo integral
740,Data Technology Consultant,Microsoft,"Rond√¥nia, Brasil",Presencial,Cientista de Dados,0,0,0,1,0,1,0,0,0,0,0,0,1,0,0,1,Tempo integral
743,Analista de Auditoria JR/PL - Dados,Linx,Brasil,H√≠brido,Analista de Dados,0,0,0,1,1,1,0,0,0,0,0,0,0,0,1,1,Tempo integral
744,Analista de Dados Pleno,Brivia,"Belo Horizonte, Minas Gerais, Brasil",H√≠brido,Analista de Dados,1,0,0,0,0,0,0,0,0,0,0,0,1,0,0,0,Contrato
745,Sr Data Science Systems Engineer (Brazil),SAS,"S√£o Paulo, S√£o Paulo, Brasil",Presencial,Engenheiro de Dados,0,1,0,0,1,0,0,1,0,0,0,0,0,0,0,0,Tempo integral
746,ACCESS AND HEOR ANALYST ‚Äì INNOVATIVE MEDICINE ‚Äì S√ÉO PAULO,Novartis Brasil,"S√£o Paulo, S√£o Paulo, Brasil",H√≠brido,Analista de Dados,0,0,0,1,0,0,0,0,0,0,0,0,0,0,0,0,Tempo integral
747,"Data Scientist - Part-Time, Bloom Institute of Technology (BloomTech) (Remote) - $30,000/year USD",Crossover for Work,"S√£o Paulo, S√£o Paulo, Brasil",Remoto,Cientista de Dados,0,0,0,1,1,1,1,0,0,0,0,0,0,0,0,0,Tempo integral
749,Data Protection Associate - Risk Management,EY,"S√£o Paulo, S√£o Paulo, Brasil",Presencial,Cientista de Dados,0,0,0,1,0,0,0,0,0,0,0,0,0,0,1,0,Tempo integral
750,Analista de Dados (S√£o Paulo ou Belo Horizonte),Golder,"Agudos, S√£o Paulo, Brasil",Remoto,Analista de Dados,0,0,1,0,0,0,0,0,0,0,0,0,0,0,0,0,Tempo integral
751,[Minsait - PT JPA] Analista de Dados ETL,Minsait,"Jo√£o Pessoa, Para√≠ba, Brasil",Remoto,Analista de Dados,0,0,1,0,0,1,0,0,0,0,0,0,0,0,0,0,Tempo integral
752,Data Engineer,Sicredi,"Porto Alegre, Rio Grande do Sul, Brasil",Remoto,Engenheiro de Dados,0,0,0,1,0,1,0,1,0,0,0,0,0,0,0,0,Tempo integral
753,Analista de Dados Pleno,Marketdata,"S√£o Paulo, S√£o Paulo, Brasil",H√≠brido,Analista de Dados,0,0,0,1,0,1,0,0,0,0,0,0,0,0,0,0,Tempo integral
754,Consultor(a) SAP BW Analytics (Remoto),IBM,"S√£o Paulo, S√£o Paulo, Brasil",Presencial,Analista de Dados,1,0,0,0,0,0,0,0,0,0,0,0,0,0,1,1,Tempo integral
756,"Analyst / Specialist (Bangkok Based, relocation provided)",Agoda,"Salvador, Bahia, Brasil",Remoto,Analista de Dados,1,0,0,0,1,1,0,1,0,0,0,1,1,0,0,0,Tempo integral
759,Remote Data Scientist Jobs,Turing.com,Brasil,Remoto,Cientista de Dados,0,1,0,0,0,1,0,1,0,0,0,0,0,0,0,0,Tempo integral
761,PESSOA ENGENHEIRA DE DADOS PLENO,NAVA - Technology for Business,"S√£o Paulo, S√£o Paulo, Brasil",H√≠brido,Cientista de Dados,0,0,0,1,1,0,0,0,0,0,0,0,0,0,0,0,Tempo integral
762,Analista J√∫nior de Dados- Mercado Envios,Mercado Livre,"Barueri, S√£o Paulo, Brasil",H√≠brido,Analista de Dados,0,0,0,1,0,1,0,0,0,0,0,0,0,0,0,0,Tempo integral
763,Business Analyst,Kavak.com,"S√£o Paulo, S√£o Paulo, Brasil",Remoto,Analista BI,0,0,0,1,1,1,0,0,0,0,0,1,1,0,1,0,Tempo integral
764,Cientista de Dados Sr (vaga afirmativa para Mulheres),Alelo Brasil,Brasil,Remoto,Cientista de Dados,1,0,0,0,1,0,0,0,0,0,0,0,0,0,0,1,Tempo integral
766,Engenheiro de dados,FPF Tech,"Manaus, Amazonas, Brasil",Remoto,Engenheiro de Dados,0,0,0,1,1,0,0,0,0,0,0,0,0,0,0,0,Tempo integral
767,Analista Marketplace S√™nior (foco em Dados),Via,"S√£o Paulo, S√£o Paulo, Brasil",Remoto,Analista de Dados,1,0,0,0,1,1,0,0,0,0,0,0,1,0,0,0,Tempo integral
768,Business Analyst,Kavak.com,"S√£o Paulo, S√£o Paulo, Brasil",Remoto,Analista BI,0,0,0,1,1,1,0,0,0,0,0,1,1,0,1,0,Tempo integral
769,PESSOA CONSULTORA EM CI√äNCIA DE DADOS (Remoto),Localiza,"Belo Horizonte, Minas Gerais, Brasil",Presencial,Cientista de Dados,0,0,1,0,0,1,0,0,0,0,0,0,0,0,0,0,Tempo integral
770,ANALISTA DE DADOS,Dynamox,"Florian√≥polis, Santa Catarina, Brasil",Presencial,Analista de Dados,1,0,0,0,1,0,0,0,0,0,0,0,1,0,0,0,Tempo integral
771,Analista J√∫nior de Dados- Mercado Envios,Mercado Livre,"Barueri, S√£o Paulo, Brasil",Presencial,Analista de Dados,0,0,0,1,0,1,0,0,0,0,0,0,0,0,0,0,Tempo integral
775,PESSOA ENGENHEIRA DE DADOS PLENO,NAVA - Technology for Business,"S√£o Paulo, S√£o Paulo, Brasil",Presencial,Cientista de Dados,0,0,0,1,1,0,0,0,0,0,0,0,0,0,0,0,Tempo integral
776,Pessoa Engenheira de Dados J√∫nior | Vaga Afirmativa para Pessoas com Defici√™ncia,Jusbrasil,"S√£o Paulo, S√£o Paulo, Brasil",Remoto,Cientista de Dados,0,0,0,1,1,1,0,0,0,0,0,0,0,0,0,0,Tempo integral
777,Trabajos remotos de Ingeniero Machine Learning,Turing.com,Am√©rica Latina,Remoto,Cientista de Dados,0,0,0,1,1,1,0,0,0,0,1,0,0,0,0,1,Tempo integral
778,[Banco de Talentos] Analytics,Solvis,"Curitiba, Paran√°, Brasil",Presencial,Analista de Dados,1,0,0,0,0,0,0,0,0,0,0,0,0,0,0,0,Tempo integral
779,Engenheiro de Dados,Meta,"S√£o Paulo, S√£o Paulo, Brasil",Remoto,Engenheiro de Dados,0,0,0,1,1,1,1,0,0,0,0,0,0,0,0,1,Tempo integral
780,Analista de Dados Pl.(Remoto),Ituran Brasil,"S√£o Paulo, S√£o Paulo, Brasil",H√≠brido,Analista de Dados,1,0,0,0,1,1,0,0,0,0,0,0,1,0,0,1,Tempo integral
781,Analista de BI Pleno,Music2/Mynd,"S√£o Paulo, S√£o Paulo, Brasil",H√≠brido,Analista de Dados,1,0,0,0,0,0,0,0,0,0,0,0,1,0,1,0,Tempo integral
782,Risk Analyst,Gympass,S√£o Paulo e Regi√£o,Remoto,Analista de Dados,0,0,0,1,0,1,0,0,0,0,0,0,0,0,0,0,Tempo integral
783,Analista de Planejamento Comercial I Foco em Dados - Exclusivo para Profissionais com Defici√™ncia,Rede,"S√£o Paulo, S√£o Paulo, Brasil",Presencial,Analista de Dados,0,0,0,1,0,1,0,0,0,0,0,0,0,0,1,0,Tempo integral
784,Cientista de Dados Sr (vaga afirmativa para Mulheres),Alelo Brasil,Brasil,Remoto,Cientista de Dados,1,0,0,0,1,0,0,0,0,0,0,0,0,0,0,1,Tempo integral
787,"Data Analyst (Statistics/Python/BI) (Bangkok-based, relocation provided)",Agoda,"Belo Horizonte, Minas Gerais, Brasil",Remoto,Analista de Dados,1,0,0,0,1,1,0,1,0,0,0,1,1,0,0,0,Tempo integral
788,Analista de Dados Pleno,Brivia,"Belo Horizonte, Minas Gerais, Brasil",Presencial,Analista de Dados,1,0,0,0,0,0,0,0,0,0,0,0,1,0,0,0,Tempo integral
789,Sr Data Science Systems Engineer (Brazil),SAS,"S√£o Paulo, S√£o Paulo, Brasil",Remoto,Engenheiro de Dados,0,1,0,0,1,0,0,1,0,0,0,0,0,0,0,0,Tempo integral
790,Data Technology Consultant,Microsoft,"S√£o Lu√≠s, Maranh√£o, Brasil",Presencial,Cientista de Dados,0,0,0,1,0,1,0,0,0,0,0,0,1,0,0,1,Tempo integral
791,Business Analyst (6 vagas) - 2022.2,Gradus Consultoria de Gest√£o,"S√£o Paulo, Brasil",Remoto,Analista BI,0,0,0,1,0,0,0,0,0,0,0,0,0,0,1,0,Tempo integral
792,"Analyst (Bangkok Based, relocation provided)",Agoda,Bel√©m e Regi√£o,Presencial,Analista de Dados,1,0,0,0,1,1,0,1,0,0,0,1,1,0,0,0,Tempo integral
794,Engenheiro de Dados,innolevels,"Rio de Janeiro, Rio de Janeiro, Brasil",H√≠brido,Engenheiro de Dados,1,0,0,0,1,1,0,1,0,0,0,0,0,0,0,1,Tempo integral
795,Remote Data Scientist Jobs,Turing.com,Brasil,Remoto,Cientista de Dados,0,1,0,0,0,1,0,1,0,0,0,0,0,0,0,0,Tempo integral
799,Product Analyst,Confidential,"S√£o Paulo, S√£o Paulo, Brasil",H√≠brido,Analista de Dados,1,0,0,0,0,0,0,0,0,0,0,0,0,0,0,0,Tempo integral
800,Engenheiro de Dados,Jump Label Solutions,"S√£o Paulo, Brasil",Presencial,Engenheiro de Dados,0,0,0,1,1,1,0,0,0,0,0,0,0,0,0,1,Tempo integral
801,Remote Machine Learning Data Scientist Jobs,Turing.com,Brasil,H√≠brido,Cientista de Dados,0,0,0,1,1,1,0,0,0,0,0,0,0,0,0,0,Tempo integral
802,Statistical Programmer,Labcorp,"Sert√£ozinho, S√£o Paulo, Brasil",Remoto,Cientista de Dados,0,0,0,1,1,1,0,0,1,0,0,0,0,0,0,0,Tempo integral
803,Engenheiro de Machine Learning II (Produtos Digitais) - Vaga Afirmativa para Talentos Diversos,Grupo Botic√°rio,Brasil,H√≠brido,Engenheiro de Dados,0,0,0,1,1,1,0,0,0,0,0,0,0,0,0,0,Tempo integral
804,"Data Scientist, Strategic Research",Spotify,Brasil,Remoto,Cientista de Dados,0,0,0,1,1,1,0,1,0,0,0,1,0,0,0,0,Tempo integral
806,Analista de Dados - BI,Ligga,Londrina e Regi√£o,Remoto,Analista de Dados,0,0,0,1,0,0,0,0,0,0,0,0,0,0,0,0,Tempo integral
807,Analista de intelig√™ncia empresarial,Adecco,"Barueri, S√£o Paulo, Brasil",Remoto,Analista de Dados,0,0,0,1,0,1,0,0,0,0,0,0,0,0,0,0,Tempo integral
808,Engenheiro de Dados S√™nior - Azure,EY,"S√£o Paulo, S√£o Paulo, Brasil",H√≠brido,Engenheiro de Dados,0,0,1,0,1,1,0,0,0,0,0,0,0,0,0,1,Tempo integral
809,Remote AI Researcher Jobs,Turing.com,Brasil,Remoto,Cientista de Dados,0,0,0,1,1,0,0,0,0,0,1,0,0,0,0,1,Tempo integral
810,Analista de Dados e Sistemas,Hospital Pequeno Principe,"Curitiba, Paran√°, Brasil",Remoto,Analista de Dados,0,0,1,0,0,0,0,0,0,0,0,0,0,0,0,0,Tempo integral
811,ENGENHEIRO DE MACHINE LEARNING SR (100% REMOTO),ClearSale,"S√£o Paulo, S√£o Paulo, Brasil",Presencial,Engenheiro de Dados,0,0,1,0,1,1,0,0,0,0,1,0,0,0,0,0,Tempo integral
812,Business Analyst - ADM (Remoto),IBM,"Rio de Janeiro, Rio de Janeiro, Brasil",Presencial,Analista BI,0,0,0,1,0,0,0,0,0,0,0,0,0,0,0,1,Tempo integral
815,"Analyst & Senior Analyst- Pay Per Click, Marketing (Bangkok Based, relocation provided)",Agoda,"S√£o Paulo, S√£o Paulo, Brasil",Presencial,Analista de Dados,1,0,0,0,1,1,0,1,0,0,0,1,1,0,0,0,Tempo integral
816,Data Engineer II - Fintech,Amazon,"S√£o Paulo, S√£o Paulo, Brasil",H√≠brido,Engenheiro de Dados,0,1,0,0,1,1,1,1,0,0,0,0,0,0,0,1,Tempo integral
819,Especialista Engenheiro de Dados,ViaHub,"S√£o Paulo, S√£o Paulo, Brasil",H√≠brido,Engenheiro de Dados,0,0,0,1,1,1,1,1,0,0,0,0,0,0,0,1,Tempo integral
820,Consultor(a) Business Analytics (Qlik) - S√£o Paulo,Deloitte,"S√£o Paulo, S√£o Paulo, Brasil",Presencial,Analista BI,0,0,1,0,0,1,0,0,0,0,0,0,0,1,1,0,Tempo integral
823,Technical Product Owner Analyst II (Product Discovery),Dock,Brasil,H√≠brido,Analista de Dados,0,0,0,1,0,0,0,0,0,0,0,0,0,0,0,0,Tempo integral
826,Engenheiro de Dados,Stefanini Brasil,"Bras√≠lia, Distrito Federal, Brasil",Presencial,Engenheiro de Dados,0,0,0,1,1,1,1,0,0,0,0,0,0,0,0,1,Tempo integral
827,Big Data Engineer (Scala-Spark),Applaudo,S√£o Paulo e Regi√£o,H√≠brido,Engenheiro de Dados,0,0,0,1,0,1,0,1,0,0,0,0,0,0,0,1,Tempo integral
